DATAFLOW,REF_AREA,COUNTERPART_AREA,MEASURE,UNIT_MEASURE,VISITOR_TYPE,ACCOMMODATION_TYPE,SOURCE,TIME_PERIOD,OBS_VALUE,OBS_STATUS,OBS_STATUS2,UNIT_MULT
OECD.CFE.TOU:DSD_TOURISM_INTER@DF_INBOUND(1.0),THA,AUS,TOP_MKT,PS,OVERNIGHT,_T,TDS,2024,775010,A,A,0
OECD.CFE.TOU:DSD_TOURISM_INTER@DF_INBOUND(1.0),NZL,AUS,TOP_MKT,PS,OVERNIGHT,_T,TDS,2024,1385323,A,A,0
OECD.CFE.TOU:DSD_TOURISM_INTER@DF_INBOUND(1.0),HUN,AUT,TOP_MKT,PS,OVERNIGHT,_T,TSS,2024,360148,A,A,0
OECD.CFE.TOU:DSD_TOURISM_INTER@DF_INBOUND(1.0),HUN,AUT,TOP_MKT,PS,OVERNIGHT,_T,TDS,2024,1091739,A,A,0
OECD.CFE.TOU:DSD_TOURISM_INTER@DF_INBOUND(1.0),DEU,AUT,TOP_MKT,PS,OVERNIGHT,_T,TSS,2024,2131281,A,A,0
OECD.CFE.TOU:DSD_TOURISM_INTER@DF_INBOUND(1.0),HRV,AUT,TOP_MKT,PS,OVERNIGHT,_T,TSS,2024,1509652,A,A,0
OECD.CFE.TOU:DSD_TOURISM_INTER@DF_INBOUND(1.0),SVN,AUT,TOP_MKT,PS,OVERNIGHT,_T,TSS,2024,420244,A,A,0
OECD.CFE.TOU:DSD_TOURISM_INTER@DF_INBOUND(1.0),SVK,AUT,TOP_MKT,PS,OVERNIGHT,_T,TSS,2024,90893,A,A,0
OECD.CFE.TOU:DSD_TOURISM_INTER@DF_INBOUND(1.0),LUX,BEL,TOP_MKT,PS,OVERNIGHT,_T,TSS,2024,242921,A,A,0
OECD.CFE.TOU:DSD_TOURISM_INTER@DF_INBOUND(1.0),DEU,BEL,TOP_MKT,PS,OVERNIGHT,_T,TSS,2024,1465552,A,A,0
OECD.CFE.TOU:DSD_TOURISM_INTER@DF_INBOUND(1.0),FRA,BEL,TOP_MKT,PS,OVERNIGHT,_T,TSS,2024,5021189,A,A,0
OECD.CFE.TOU:DSD_TOURISM_INTER@DF_INBOUND(1.0),MAR,BEL,TOP_MKT,PS,OVERNIGHT,_T,TDS,2024,1126791,A,A,0
OECD.CFE.TOU:DSD_TOURISM_INTER@DF_INBOUND(1.0),MEX,CAN,TOP_MKT,PS,OVERNIGHT,_T,TDS,2024,2642462,A,A,0
OECD.CFE.TOU:DSD_TOURISM_INTER@DF_INBOUND(1.0),CRI,CAN,TOP_MKT,PS,OVERNIGHT,_T,TDS,2024,272256,A,A,0
OECD.CFE.TOU:DSD_TOURISM_INTER@DF_INBOUND(1.0),BRA,CHL,TOP_MKT,PS,OVERNIGHT,_T,TDS,2024,653895,A,A,0
OECD.CFE.TOU:DSD_TOURISM_INTER@DF_INBOUND(1.0),ARG,CHL,TOP_MKT,PS,OVERNIGHT,_T,TDS,2025,745845,A,A,0
OECD.CFE.TOU:DSD_TOURISM_INTER@DF_INBOUND(1.0),ARG,CHL,TOP_MKT,PS,OVERNIGHT,_T,TDS,2024,991545,A,A,0
OECD.CFE.TOU:DSD_TOURISM_INTER@DF_INBOUND(1.0),HUN,CZE,TOP_MKT,PS,OVERNIGHT,_T,TSS,2024,390859,A,A,0
OECD.CFE.TOU:DSD_TOURISM_INTER@DF_INBOUND(1.0),HUN,CZE,TOP_MKT,PS,OVERNIGHT,_T,TDS,2024,561182,A,A,0
OECD.CFE.TOU:DSD_TOURISM_INTER@DF_INBOUND(1.0),AUT,CZE,TOP_MKT,PS,OVERNIGHT,_T,TSS,2024,956620,A,A,0
OECD.CFE.TOU:DSD_TOURISM_INTER@DF_INBOUND(1.0),HRV,CZE,TOP_MKT,PS,OVERNIGHT,_T,TSS,2024,729356,A,A,0
OECD.CFE.TOU:DSD_TOURISM_INTER@DF_INBOUND(1.0),SVK,CZE,TOP_MKT,PS,OVERNIGHT,_T,TSS,2024,689313,A,A,0
OECD.CFE.TOU:DSD_TOURISM_INTER@DF_INBOUND(1.0),DEU,DNK,TOP_MKT,PS,OVERNIGHT,_T,TSS,2024,1529761,A,A,0
OECD.CFE.TOU:DSD_TOURISM_INTER@DF_INBOUND(1.0),LVA,EST,TOP_MKT,PS,OVERNIGHT,_T,TSS,2024,180489,A,A,0
OECD.CFE.TOU:DSD_TOURISM_INTER@DF_INBOUND(1.0),FIN,EST,TOP_MKT,PS,OVERNIGHT,_T,TDS,2024,615000,A,A,0
OECD.CFE.TOU:DSD_TOURISM_INTER@DF_INBOUND(1.0),EST,FIN,TOP_MKT,PS,OVERNIGHT,_T,TSS,2024,696483,A,A,0
OECD.CFE.TOU:DSD_TOURISM_INTER@DF_INBOUND(1.0),EST,FIN,TOP_MKT,PS,OVERNIGHT,_T,TDS,2024,1031462,A,A,0
OECD.CFE.TOU:DSD_TOURISM_INTER@DF_INBOUND(1.0),MEX,FRA,TOP_MKT,PS,OVERNIGHT,_T,TDS,2024,306036,A,A,0
OECD.CFE.TOU:DSD_TOURISM_INTER@DF_INBOUND(1.0),ROU,FRA,TOP_MKT,PS,OVERNIGHT,_T,TSS,2024,114546,A,A,0
OECD.CFE.TOU:DSD_TOURISM_INTER@DF_INBOUND(1.0),MAR,FRA,TOP_MKT,PS,OVERNIGHT,_T,TDS,2024,5194625,A,A,0
OECD.CFE.TOU:DSD_TOURISM_INTER@DF_INBOUND(1.0),DEU,FRA,TOP_MKT,PS,OVERNIGHT,_T,TSS,2024,1849028,A,A,0
OECD.CFE.TOU:DSD_TOURISM_INTER@DF_INBOUND(1.0),FIN,FRA,TOP_MKT,PS,OVERNIGHT,_T,TSS,2024,129440,A,A,0
OECD.CFE.TOU:DSD_TOURISM_INTER@DF_INBOUND(1.0),CAN,FRA,TOP_MKT,PS,OVERNIGHT,_T,TDS,2024,620749,A,A,0
OECD.CFE.TOU:DSD_TOURISM_INTER@DF_INBOUND(1.0),BE3,FRA,TOP_MKT,PS,OVERNIGHT,_T,TSS,2024,222445,A,A,0
OECD.CFE.TOU:DSD_TOURISM_INTER@DF_INBOUND(1.0),BE2,FRA,TOP_MKT,PS,OVERNIGHT,_T,TSS,2024,330163,A,A,0
OECD.CFE.TOU:DSD_TOURISM_INTER@DF_INBOUND(1.0),BE1,FRA,TOP_MKT,PS,OVERNIGHT,_T,TSS,2024,436603,A,A,0
OECD.CFE.TOU:DSD_TOURISM_INTER@DF_INBOUND(1.0),BEL,FRA,TOP_MKT,PS,OVERNIGHT,_T,TSS,2024,989211,A,A,0
OECD.CFE.TOU:DSD_TOURISM_INTER@DF_INBOUND(1.0),MNE,FRA,TOP_MKT,PS,OVERNIGHT,_T,TSS,2024,93778,A,A,0
OECD.CFE.TOU:DSD_TOURISM_INTER@DF_INBOUND(1.0),MLT,FRA,TOP_MKT,PS,OVERNIGHT,_T,TDS,2024,295396,A,A,0
OECD.CFE.TOU:DSD_TOURISM_INTER@DF_INBOUND(1.0),MLT,FRA,TOP_MKT,PS,OVERNIGHT,_T,TSS,2024,182819,A,A,0
OECD.CFE.TOU:DSD_TOURISM_INTER@DF_INBOUND(1.0),BRA,FRA,TOP_MKT,PS,OVERNIGHT,_T,TDS,2024,235163,A,A,0
OECD.CFE.TOU:DSD_TOURISM_INTER@DF_INBOUND(1.0),USA,FRA,TOP_MKT,PS,OVERNIGHT,_T,TDS,2024,1706081,A,A,0
OECD.CFE.TOU:DSD_TOURISM_INTER@DF_INBOUND(1.0),GBR,FRA,TOP_MKT,PS,OVERNIGHT,_T,TDS,2024,3611000,A,A,0
OECD.CFE.TOU:DSD_TOURISM_INTER@DF_INBOUND(1.0),ESP,FRA,TOP_MKT,PS,OVERNIGHT,_T,TDS,2024,12922998,A,A,0
OECD.CFE.TOU:DSD_TOURISM_INTER@DF_INBOUND(1.0),ESP,FRA,TOP_MKT,PS,OVERNIGHT,_T,TSS,2024,6551945,A,A,0
OECD.CFE.TOU:DSD_TOURISM_INTER@DF_INBOUND(1.0),PRT,FRA,TOP_MKT,PS,OVERNIGHT,_T,TSS,2024,1838691,A,A,0
OECD.CFE.TOU:DSD_TOURISM_INTER@DF_INBOUND(1.0),LUX,FRA,TOP_MKT,PS,OVERNIGHT,_T,TSS,2024,179447,A,A,0
OECD.CFE.TOU:DSD_TOURISM_INTER@DF_INBOUND(1.0),ITA,FRA,TOP_MKT,PS,OVERNIGHT,_T,TDS,2024,6098279,A,A,0
OECD.CFE.TOU:DSD_TOURISM_INTER@DF_INBOUND(1.0),ITA,FRA,TOP_MKT,PS,OVERNIGHT,_T,TSS,2024,5360149,A,A,0
OECD.CFE.TOU:DSD_TOURISM_INTER@DF_INBOUND(1.0),ISR,FRA,TOP_MKT,PS,OVERNIGHT,_T,TDS,2024,129400,A,A,0
OECD.CFE.TOU:DSD_TOURISM_INTER@DF_INBOUND(1.0),IRL,FRA,TOP_MKT,PS,OVERNIGHT,_T,TDS,2024,391600,A,A,0
OECD.CFE.TOU:DSD_TOURISM_INTER@DF_INBOUND(1.0),IRL,FRA,TOP_MKT,PS,OVERNIGHT,_T,TSS,2024,275262,A,A,0
OECD.CFE.TOU:DSD_TOURISM_INTER@DF_INBOUND(1.0),ISL,FRA,TOP_MKT,PS,OVERNIGHT,_T,TDS,2024,95589,A,A,0
OECD.CFE.TOU:DSD_TOURISM_INTER@DF_INBOUND(1.0),GRC,FRA,TOP_MKT,PS,OVERNIGHT,_T,TDS,2024,1992443,A,A,0
OECD.CFE.TOU:DSD_TOURISM_INTER@DF_INBOUND(1.0),GRC,FRA,TOP_MKT,PS,OVERNIGHT,_T,TSS,2024,1816131,A,A,0
OECD.CFE.TOU:DSD_TOURISM_INTER@DF_INBOUND(1.0),CHE,FRA,TOP_MKT,PS,OVERNIGHT,_T,TSS,2024,1016108,A,A,0
OECD.CFE.TOU:DSD_TOURISM_INTER@DF_INBOUND(1.0),SVN,DEU,TOP_MKT,PS,OVERNIGHT,_T,TSS,2024,722730,A,A,0
OECD.CFE.TOU:DSD_TOURISM_INTER@DF_INBOUND(1.0),SVK,DEU,TOP_MKT,PS,OVERNIGHT,_T,TSS,2024,152822,A,A,0
OECD.CFE.TOU:DSD_TOURISM_INTER@DF_INBOUND(1.0),PRT,DEU,TOP_MKT,PS,OVERNIGHT,_T,TSS,2024,1971391,A,A,0
OECD.CFE.TOU:DSD_TOURISM_INTER@DF_INBOUND(1.0),EST,DEU,TOP_MKT,PS,OVERNIGHT,_T,TSS,2024,116797,A,A,0
OECD.CFE.TOU:DSD_TOURISM_INTER@DF_INBOUND(1.0),DNK,DEU,TOP_MKT,PS,OVERNIGHT,_T,TDS,2024,4771738,A,A,0
OECD.CFE.TOU:DSD_TOURISM_INTER@DF_INBOUND(1.0),CZE,DEU,TOP_MKT,PS,OVERNIGHT,_T,TSS,2024,2372694,A,A,0
OECD.CFE.TOU:DSD_TOURISM_INTER@DF_INBOUND(1.0),CAN,DEU,TOP_MKT,PS,OVERNIGHT,_T,TDS,2024,314267,A,A,0
OECD.CFE.TOU:DSD_TOURISM_INTER@DF_INBOUND(1.0),BE3,DEU,TOP_MKT,PS,OVERNIGHT,_T,TSS,2024,94683,A,A,0
OECD.CFE.TOU:DSD_TOURISM_INTER@DF_INBOUND(1.0),BEL,DEU,TOP_MKT,PS,OVERNIGHT,_T,TSS,2024,709977,A,A,0
OECD.CFE.TOU:DSD_TOURISM_INTER@DF_INBOUND(1.0),AUT,DEU,TOP_MKT,PS,OVERNIGHT,_T,TSS,2024,12969982,A,A,0
OECD.CFE.TOU:DSD_TOURISM_INTER@DF_INBOUND(1.0),POL,DEU,TOP_MKT,PS,OVERNIGHT,_T,TDS,2024,6254000,A,A,0
OECD.CFE.TOU:DSD_TOURISM_INTER@DF_INBOUND(1.0),POL,DEU,TOP_MKT,PS,OVERNIGHT,_T,TSS,2024,1803918,A,A,0
OECD.CFE.TOU:DSD_TOURISM_INTER@DF_INBOUND(1.0),NOR,DEU,TOP_MKT,PS,OVERNIGHT,_T,TSS,2024,1217382,E,A,0
OECD.CFE.TOU:DSD_TOURISM_INTER@DF_INBOUND(1.0),NLD,DEU,TOP_MKT,PS,OVERNIGHT,_T,TSS,2024,7542000,A,A,0
OECD.CFE.TOU:DSD_TOURISM_INTER@DF_INBOUND(1.0),LUX,DEU,TOP_MKT,PS,OVERNIGHT,_T,TSS,2024,238235,A,A,0
OECD.CFE.TOU:DSD_TOURISM_INTER@DF_INBOUND(1.0),LTU,DEU,TOP_MKT,PS,OVERNIGHT,_T,TDS,2024,242800,A,A,0
OECD.CFE.TOU:DSD_TOURISM_INTER@DF_INBOUND(1.0),LTU,DEU,TOP_MKT,PS,OVERNIGHT,_T,TSS,2024,154540,A,A,0
OECD.CFE.TOU:DSD_TOURISM_INTER@DF_INBOUND(1.0),LVA,DEU,TOP_MKT,PS,OVERNIGHT,_T,TSS,2024,165702,A,A,0
OECD.CFE.TOU:DSD_TOURISM_INTER@DF_INBOUND(1.0),ITA,DEU,TOP_MKT,PS,OVERNIGHT,_T,TDS,2024,9943331,A,A,0
OECD.CFE.TOU:DSD_TOURISM_INTER@DF_INBOUND(1.0),IRL,DEU,TOP_MKT,PS,OVERNIGHT,_T,TDS,2024,462600,A,A,0
OECD.CFE.TOU:DSD_TOURISM_INTER@DF_INBOUND(1.0),IRL,DEU,TOP_MKT,PS,OVERNIGHT,_T,TSS,2024,365466,A,A,0
OECD.CFE.TOU:DSD_TOURISM_INTER@DF_INBOUND(1.0),ISL,DEU,TOP_MKT,PS,OVERNIGHT,_T,TDS,2024,141879,A,A,0
OECD.CFE.TOU:DSD_TOURISM_INTER@DF_INBOUND(1.0),HUN,DEU,TOP_MKT,PS,OVERNIGHT,_T,TSS,2024,634412,A,A,0
OECD.CFE.TOU:DSD_TOURISM_INTER@DF_INBOUND(1.0),GRC,DEU,TOP_MKT,PS,OVERNIGHT,_T,TDS,2024,5402323,A,A,0
OECD.CFE.TOU:DSD_TOURISM_INTER@DF_INBOUND(1.0),GRC,DEU,TOP_MKT,PS,OVERNIGHT,_T,TSS,2024,3521428,A,A,0
OECD.CFE.TOU:DSD_TOURISM_INTER@DF_INBOUND(1.0),FRA,DEU,TOP_MKT,PS,OVERNIGHT,_T,TSS,2024,7672061,A,A,0
OECD.CFE.TOU:DSD_TOURISM_INTER@DF_INBOUND(1.0),FIN,DEU,TOP_MKT,PS,OVERNIGHT,_T,TDS,2024,437000,A,A,0
OECD.CFE.TOU:DSD_TOURISM_INTER@DF_INBOUND(1.0),FIN,DEU,TOP_MKT,PS,OVERNIGHT,_T,TSS,2024,310463,A,A,0
OECD.CFE.TOU:DSD_TOURISM_INTER@DF_INBOUND(1.0),MLT,DEU,TOP_MKT,PS,OVERNIGHT,_T,TDS,2024,248778,A,A,0
OECD.CFE.TOU:DSD_TOURISM_INTER@DF_INBOUND(1.0),TUR,DEU,TOP_MKT,PS,OVERNIGHT,_T,TDS,2024,6493272,A,A,0
OECD.CFE.TOU:DSD_TOURISM_INTER@DF_INBOUND(1.0),ITA,DEU,TOP_MKT,PS,OVERNIGHT,_T,TSS,2024,14053919,A,A,0
OECD.CFE.TOU:DSD_TOURISM_INTER@DF_INBOUND(1.0),ISR,DEU,TOP_MKT,PS,OVERNIGHT,_T,TDS,2024,25300,A,A,0
OECD.CFE.TOU:DSD_TOURISM_INTER@DF_INBOUND(1.0),HUN,DEU,TOP_MKT,PS,OVERNIGHT,_T,TDS,2024,1931879,A,A,0
OECD.CFE.TOU:DSD_TOURISM_INTER@DF_INBOUND(1.0),EST,DEU,TOP_MKT,PS,OVERNIGHT,_T,TDS,2024,169833,A,A,0
OECD.CFE.TOU:DSD_TOURISM_INTER@DF_INBOUND(1.0),BE2,DEU,TOP_MKT,PS,OVERNIGHT,_T,TSS,2024,370694,A,A,0
OECD.CFE.TOU:DSD_TOURISM_INTER@DF_INBOUND(1.0),BE1,DEU,TOP_MKT,PS,OVERNIGHT,_T,TSS,2024,244600,A,A,0
OECD.CFE.TOU:DSD_TOURISM_INTER@DF_INBOUND(1.0),ROU,DEU,TOP_MKT,PS,OVERNIGHT,_T,TSS,2024,244730,A,A,0
OECD.CFE.TOU:DSD_TOURISM_INTER@DF_INBOUND(1.0),ROU,DEU,TOP_MKT,PS,OVERNIGHT,_T,TDS,2024,227478,B,A,0
OECD.CFE.TOU:DSD_TOURISM_INTER@DF_INBOUND(1.0),MAR,DEU,TOP_MKT,PS,OVERNIGHT,_T,TDS,2024,843024,A,A,0
OECD.CFE.TOU:DSD_TOURISM_INTER@DF_INBOUND(1.0),MNE,DEU,TOP_MKT,PS,OVERNIGHT,_T,TSS,2024,144172,A,A,0
OECD.CFE.TOU:DSD_TOURISM_INTER@DF_INBOUND(1.0),MLT,DEU,TOP_MKT,PS,OVERNIGHT,_T,TSS,2024,163479,A,A,0
OECD.CFE.TOU:DSD_TOURISM_INTER@DF_INBOUND(1.0),HRV,DEU,TOP_MKT,PS,OVERNIGHT,_T,TSS,2024,3071567,A,A,0
OECD.CFE.TOU:DSD_TOURISM_INTER@DF_INBOUND(1.0),BGR,DEU,TOP_MKT,PS,OVERNIGHT,_T,TSS,2024,246517,A,A,0
OECD.CFE.TOU:DSD_TOURISM_INTER@DF_INBOUND(1.0),USA,DEU,TOP_MKT,PS,OVERNIGHT,_T,TDS,2024,1994786,A,A,0
OECD.CFE.TOU:DSD_TOURISM_INTER@DF_INBOUND(1.0),GBR,DEU,TOP_MKT,PS,OVERNIGHT,_T,TDS,2024,3342000,A,A,0
OECD.CFE.TOU:DSD_TOURISM_INTER@DF_INBOUND(1.0),TUR,DEU,TOP_MKT,PS,OVERNIGHT,_T,TSS,2024,8537079,A,A,0
OECD.CFE.TOU:DSD_TOURISM_INTER@DF_INBOUND(1.0),CHE,DEU,TOP_MKT,PS,OVERNIGHT,_T,TSS,2024,2307189,A,A,0
OECD.CFE.TOU:DSD_TOURISM_INTER@DF_INBOUND(1.0),ESP,DEU,TOP_MKT,PS,OVERNIGHT,_T,TDS,2024,11939029,A,A,0
OECD.CFE.TOU:DSD_TOURISM_INTER@DF_INBOUND(1.0),ROU,HUN,TOP_MKT,PS,OVERNIGHT,_T,TDS,2024,1267033,B,A,0
OECD.CFE.TOU:DSD_TOURISM_INTER@DF_INBOUND(1.0),ROU,HUN,TOP_MKT,PS,OVERNIGHT,_T,TSS,2024,117395,A,A,0
OECD.CFE.TOU:DSD_TOURISM_INTER@DF_INBOUND(1.0),BGR,ISR,TOP_MKT,PS,OVERNIGHT,_T,TSS,2024,157246,A,A,0
OECD.CFE.TOU:DSD_TOURISM_INTER@DF_INBOUND(1.0),ESP,ITA,TOP_MKT,PS,OVERNIGHT,_T,TSS,2024,3465211,A,A,0
OECD.CFE.TOU:DSD_TOURISM_INTER@DF_INBOUND(1.0),ESP,ITA,TOP_MKT,PS,OVERNIGHT,_T,TDS,2024,5497603,A,A,0
OECD.CFE.TOU:DSD_TOURISM_INTER@DF_INBOUND(1.0),SVN,ITA,TOP_MKT,PS,OVERNIGHT,_T,TSS,2024,522816,A,A,0
OECD.CFE.TOU:DSD_TOURISM_INTER@DF_INBOUND(1.0),GRC,ITA,TOP_MKT,PS,OVERNIGHT,_T,TSS,2024,1390862,A,A,0
OECD.CFE.TOU:DSD_TOURISM_INTER@DF_INBOUND(1.0),GRC,ITA,TOP_MKT,PS,OVERNIGHT,_T,TDS,2024,2025852,A,A,0
OECD.CFE.TOU:DSD_TOURISM_INTER@DF_INBOUND(1.0),DEU,ITA,TOP_MKT,PS,OVERNIGHT,_T,TSS,2024,1577424,A,A,0
OECD.CFE.TOU:DSD_TOURISM_INTER@DF_INBOUND(1.0),CZE,ITA,TOP_MKT,PS,OVERNIGHT,_T,TSS,2024,433854,A,A,0
OECD.CFE.TOU:DSD_TOURISM_INTER@DF_INBOUND(1.0),BE2,ITA,TOP_MKT,PS,OVERNIGHT,_T,TSS,2024,83983,A,A,0
OECD.CFE.TOU:DSD_TOURISM_INTER@DF_INBOUND(1.0),BE1,ITA,TOP_MKT,PS,OVERNIGHT,_T,TSS,2024,132260,A,A,0
OECD.CFE.TOU:DSD_TOURISM_INTER@DF_INBOUND(1.0),AUT,ITA,TOP_MKT,PS,OVERNIGHT,_T,TSS,2024,996516,A,A,0
OECD.CFE.TOU:DSD_TOURISM_INTER@DF_INBOUND(1.0),ROU,ITA,TOP_MKT,PS,OVERNIGHT,_T,TSS,2024,215566,A,A,0
OECD.CFE.TOU:DSD_TOURISM_INTER@DF_INBOUND(1.0),BE3,ITA,TOP_MKT,PS,OVERNIGHT,_T,TSS,2024,29131,A,A,0
OECD.CFE.TOU:DSD_TOURISM_INTER@DF_INBOUND(1.0),BEL,ITA,TOP_MKT,PS,OVERNIGHT,_T,TSS,2024,245374,A,A,0
OECD.CFE.TOU:DSD_TOURISM_INTER@DF_INBOUND(1.0),ROU,ITA,TOP_MKT,PS,OVERNIGHT,_T,TDS,2024,224541,B,A,0
OECD.CFE.TOU:DSD_TOURISM_INTER@DF_INBOUND(1.0),MLT,ITA,TOP_MKT,PS,OVERNIGHT,_T,TSS,2024,339746,A,A,0
OECD.CFE.TOU:DSD_TOURISM_INTER@DF_INBOUND(1.0),MLT,ITA,TOP_MKT,PS,OVERNIGHT,_T,TDS,2024,616326,A,A,0
OECD.CFE.TOU:DSD_TOURISM_INTER@DF_INBOUND(1.0),HRV,ITA,TOP_MKT,PS,OVERNIGHT,_T,TSS,2024,911059,A,A,0
OECD.CFE.TOU:DSD_TOURISM_INTER@DF_INBOUND(1.0),KOR,JPN,TOP_MKT,PS,OVERNIGHT,_T,TDS,2024,3224079,A,A,0
OECD.CFE.TOU:DSD_TOURISM_INTER@DF_INBOUND(1.0),CAN,JPN,TOP_MKT,PS,OVERNIGHT,_T,TDS,2024,53831,A,A,0
OECD.CFE.TOU:DSD_TOURISM_INTER@DF_INBOUND(1.0),AUS,JPN,TOP_MKT,PS,OVERNIGHT,_T,TDS,2024,397312,A,A,0
OECD.CFE.TOU:DSD_TOURISM_INTER@DF_INBOUND(1.0),USA,JPN,TOP_MKT,PS,OVERNIGHT,_T,TDS,2024,1843879,A,A,0
OECD.CFE.TOU:DSD_TOURISM_INTER@DF_INBOUND(1.0),LTU,LVA,TOP_MKT,PS,OVERNIGHT,_T,TSS,2024,145526,A,A,0
OECD.CFE.TOU:DSD_TOURISM_INTER@DF_INBOUND(1.0),EST,LVA,TOP_MKT,PS,OVERNIGHT,_T,TSS,2024,250902,A,A,0
OECD.CFE.TOU:DSD_TOURISM_INTER@DF_INBOUND(1.0),EST,LVA,TOP_MKT,PS,OVERNIGHT,_T,TDS,2024,395215,A,A,0
OECD.CFE.TOU:DSD_TOURISM_INTER@DF_INBOUND(1.0),EST,LTU,TOP_MKT,PS,OVERNIGHT,_T,TSS,2024,81446,A,A,0
OECD.CFE.TOU:DSD_TOURISM_INTER@DF_INBOUND(1.0),EST,LTU,TOP_MKT,PS,OVERNIGHT,_T,TDS,2024,110502,A,A,0
OECD.CFE.TOU:DSD_TOURISM_INTER@DF_INBOUND(1.0),COL,MEX,TOP_MKT,PS,OVERNIGHT,_T,TDS,2024,365560,P,A,0
OECD.CFE.TOU:DSD_TOURISM_INTER@DF_INBOUND(1.0),NOR,NLD,TOP_MKT,PS,OVERNIGHT,_T,TSS,2024,494962,E,A,0
OECD.CFE.TOU:DSD_TOURISM_INTER@DF_INBOUND(1.0),LUX,NLD,TOP_MKT,PS,OVERNIGHT,_T,TSS,2024,314180,A,A,0
OECD.CFE.TOU:DSD_TOURISM_INTER@DF_INBOUND(1.0),GRC,NLD,TOP_MKT,PS,OVERNIGHT,_T,TDS,2024,1041901,A,A,0
OECD.CFE.TOU:DSD_TOURISM_INTER@DF_INBOUND(1.0),DEU,NLD,TOP_MKT,PS,OVERNIGHT,_T,TSS,2024,5250119,A,A,0
OECD.CFE.TOU:DSD_TOURISM_INTER@DF_INBOUND(1.0),FRA,NLD,TOP_MKT,PS,OVERNIGHT,_T,TSS,2024,5887772,A,A,0
OECD.CFE.TOU:DSD_TOURISM_INTER@DF_INBOUND(1.0),DNK,NLD,TOP_MKT,PS,OVERNIGHT,_T,TDS,2024,909394,A,A,0
OECD.CFE.TOU:DSD_TOURISM_INTER@DF_INBOUND(1.0),BE3,NLD,TOP_MKT,PS,OVERNIGHT,_T,TSS,2024,159930,A,A,0
OECD.CFE.TOU:DSD_TOURISM_INTER@DF_INBOUND(1.0),BE2,NLD,TOP_MKT,PS,OVERNIGHT,_T,TSS,2024,843856,A,A,0
OECD.CFE.TOU:DSD_TOURISM_INTER@DF_INBOUND(1.0),BE1,NLD,TOP_MKT,PS,OVERNIGHT,_T,TSS,2024,172733,A,A,0
OECD.CFE.TOU:DSD_TOURISM_INTER@DF_INBOUND(1.0),BEL,NLD,TOP_MKT,PS,OVERNIGHT,_T,TSS,2024,1176519,A,A,0
OECD.CFE.TOU:DSD_TOURISM_INTER@DF_INBOUND(1.0),PRT,NLD,TOP_MKT,PS,OVERNIGHT,_T,TSS,2024,827521,A,A,0
OECD.CFE.TOU:DSD_TOURISM_INTER@DF_INBOUND(1.0),AUT,NLD,TOP_MKT,PS,OVERNIGHT,_T,TSS,2024,1841947,A,A,0
OECD.CFE.TOU:DSD_TOURISM_INTER@DF_INBOUND(1.0),TUR,NLD,TOP_MKT,PS,OVERNIGHT,_T,TDS,2024,1280288,A,A,0
OECD.CFE.TOU:DSD_TOURISM_INTER@DF_INBOUND(1.0),MLT,POL,TOP_MKT,PS,OVERNIGHT,_T,TSS,2024,166197,A,A,0
OECD.CFE.TOU:DSD_TOURISM_INTER@DF_INBOUND(1.0),MLT,POL,TOP_MKT,PS,OVERNIGHT,_T,TDS,2024,264479,A,A,0
OECD.CFE.TOU:DSD_TOURISM_INTER@DF_INBOUND(1.0),BGR,POL,TOP_MKT,PS,OVERNIGHT,_T,TSS,2024,269531,A,A,0
OECD.CFE.TOU:DSD_TOURISM_INTER@DF_INBOUND(1.0),SVK,POL,TOP_MKT,PS,OVERNIGHT,_T,TSS,2024,323906,A,A,0
OECD.CFE.TOU:DSD_TOURISM_INTER@DF_INBOUND(1.0),LTU,POL,TOP_MKT,PS,OVERNIGHT,_T,TDS,2024,351100,A,A,0
OECD.CFE.TOU:DSD_TOURISM_INTER@DF_INBOUND(1.0),LTU,POL,TOP_MKT,PS,OVERNIGHT,_T,TSS,2024,174266,A,A,0
OECD.CFE.TOU:DSD_TOURISM_INTER@DF_INBOUND(1.0),HUN,POL,TOP_MKT,PS,OVERNIGHT,_T,TDS,2024,687129,A,A,0
OECD.CFE.TOU:DSD_TOURISM_INTER@DF_INBOUND(1.0),DEU,POL,TOP_MKT,PS,OVERNIGHT,_T,TSS,2024,1471375,A,A,0
OECD.CFE.TOU:DSD_TOURISM_INTER@DF_INBOUND(1.0),EST,POL,TOP_MKT,PS,OVERNIGHT,_T,TDS,2024,80512,A,A,0
OECD.CFE.TOU:DSD_TOURISM_INTER@DF_INBOUND(1.0),CZE,POL,TOP_MKT,PS,OVERNIGHT,_T,TSS,2024,839229,A,A,0
OECD.CFE.TOU:DSD_TOURISM_INTER@DF_INBOUND(1.0),HUN,SVK,TOP_MKT,PS,OVERNIGHT,_T,TDS,2024,619287,A,A,0
OECD.CFE.TOU:DSD_TOURISM_INTER@DF_INBOUND(1.0),BEL,ESP,TOP_MKT,PS,OVERNIGHT,_T,TSS,2024,302240,A,A,0
OECD.CFE.TOU:DSD_TOURISM_INTER@DF_INBOUND(1.0),MAR,ESP,TOP_MKT,PS,OVERNIGHT,_T,TDS,2024,4052867,A,A,0
OECD.CFE.TOU:DSD_TOURISM_INTER@DF_INBOUND(1.0),GBR,ESP,TOP_MKT,PS,OVERNIGHT,_T,TDS,2024,2559000,A,A,0
OECD.CFE.TOU:DSD_TOURISM_INTER@DF_INBOUND(1.0),PRT,ESP,TOP_MKT,PS,OVERNIGHT,_T,TSS,2024,2585896,A,A,0
OECD.CFE.TOU:DSD_TOURISM_INTER@DF_INBOUND(1.0),MEX,ESP,TOP_MKT,PS,OVERNIGHT,_T,TDS,2024,371374,A,A,0
OECD.CFE.TOU:DSD_TOURISM_INTER@DF_INBOUND(1.0),IRL,ESP,TOP_MKT,PS,OVERNIGHT,_T,TSS,2024,144955,A,A,0
OECD.CFE.TOU:DSD_TOURISM_INTER@DF_INBOUND(1.0),BE3,ESP,TOP_MKT,PS,OVERNIGHT,_T,TSS,2024,18579,A,A,0
OECD.CFE.TOU:DSD_TOURISM_INTER@DF_INBOUND(1.0),BE2,ESP,TOP_MKT,PS,OVERNIGHT,_T,TSS,2024,106024,A,A,0
OECD.CFE.TOU:DSD_TOURISM_INTER@DF_INBOUND(1.0),FIN,SWE,TOP_MKT,PS,OVERNIGHT,_T,TDS,2024,457000,A,A,0
OECD.CFE.TOU:DSD_TOURISM_INTER@DF_INBOUND(1.0),EST,SWE,TOP_MKT,PS,OVERNIGHT,_T,TDS,2024,79430,A,A,0
OECD.CFE.TOU:DSD_TOURISM_INTER@DF_INBOUND(1.0),DNK,SWE,TOP_MKT,PS,OVERNIGHT,_T,TDS,2024,1320177,A,A,0
OECD.CFE.TOU:DSD_TOURISM_INTER@DF_INBOUND(1.0),NOR,SWE,TOP_MKT,PS,OVERNIGHT,_T,TSS,2024,692610,E,A,0
OECD.CFE.TOU:DSD_TOURISM_INTER@DF_INBOUND(1.0),DEU,CHE,TOP_MKT,PS,OVERNIGHT,_T,TSS,2024,3315820,A,A,0
OECD.CFE.TOU:DSD_TOURISM_INTER@DF_INBOUND(1.0),GRC,TUR,TOP_MKT,PS,OVERNIGHT,_T,TDS,2024,1212495,A,A,0
OECD.CFE.TOU:DSD_TOURISM_INTER@DF_INBOUND(1.0),POL,GBR,TOP_MKT,PS,OVERNIGHT,_T,TDS,2024,1086000,A,A,0
OECD.CFE.TOU:DSD_TOURISM_INTER@DF_INBOUND(1.0),POL,GBR,TOP_MKT,PS,OVERNIGHT,_T,TSS,2024,692366,A,A,0
OECD.CFE.TOU:DSD_TOURISM_INTER@DF_INBOUND(1.0),NOR,GBR,TOP_MKT,PS,OVERNIGHT,_T,TSS,2024,382826,E,A,0
OECD.CFE.TOU:DSD_TOURISM_INTER@DF_INBOUND(1.0),CZE,GBR,TOP_MKT,PS,OVERNIGHT,_T,TSS,2024,530067,A,A,0
OECD.CFE.TOU:DSD_TOURISM_INTER@DF_INBOUND(1.0),CAN,GBR,TOP_MKT,PS,OVERNIGHT,_T,TDS,2024,752738,A,A,0
OECD.CFE.TOU:DSD_TOURISM_INTER@DF_INBOUND(1.0),BE3,GBR,TOP_MKT,PS,OVERNIGHT,_T,TSS,2024,56977,A,A,0
OECD.CFE.TOU:DSD_TOURISM_INTER@DF_INBOUND(1.0),BE2,GBR,TOP_MKT,PS,OVERNIGHT,_T,TSS,2024,309966,A,A,0
OECD.CFE.TOU:DSD_TOURISM_INTER@DF_INBOUND(1.0),BE1,GBR,TOP_MKT,PS,OVERNIGHT,_T,TSS,2024,225854,A,A,0
OECD.CFE.TOU:DSD_TOURISM_INTER@DF_INBOUND(1.0),BEL,GBR,TOP_MKT,PS,OVERNIGHT,_T,TSS,2024,592797,A,A,0
OECD.CFE.TOU:DSD_TOURISM_INTER@DF_INBOUND(1.0),AUS,GBR,TOP_MKT,PS,OVERNIGHT,_T,TDS,2024,640743,A,A,0
OECD.CFE.TOU:DSD_TOURISM_INTER@DF_INBOUND(1.0),NZL,GBR,TOP_MKT,PS,OVERNIGHT,_T,TDS,2024,179856,A,A,0
OECD.CFE.TOU:DSD_TOURISM_INTER@DF_INBOUND(1.0),NLD,GBR,TOP_MKT,PS,OVERNIGHT,_T,TSS,2024,1921000,A,A,0
OECD.CFE.TOU:DSD_TOURISM_INTER@DF_INBOUND(1.0),MEX,GBR,TOP_MKT,PS,OVERNIGHT,_T,TDS,2024,467928,A,A,0
OECD.CFE.TOU:DSD_TOURISM_INTER@DF_INBOUND(1.0),ITA,GBR,TOP_MKT,PS,OVERNIGHT,_T,TDS,2024,6180467,A,A,0
OECD.CFE.TOU:DSD_TOURISM_INTER@DF_INBOUND(1.0),ITA,GBR,TOP_MKT,PS,OVERNIGHT,_T,TSS,2024,3804452,A,A,0
OECD.CFE.TOU:DSD_TOURISM_INTER@DF_INBOUND(1.0),ISR,GBR,TOP_MKT,PS,OVERNIGHT,_T,TDS,2024,79000,A,A,0
OECD.CFE.TOU:DSD_TOURISM_INTER@DF_INBOUND(1.0),IRL,GBR,TOP_MKT,PS,OVERNIGHT,_T,TDS,2024,2439800,A,A,0
OECD.CFE.TOU:DSD_TOURISM_INTER@DF_INBOUND(1.0),IRL,GBR,TOP_MKT,PS,OVERNIGHT,_T,TSS,2024,1253141,A,A,0
OECD.CFE.TOU:DSD_TOURISM_INTER@DF_INBOUND(1.0),ISL,GBR,TOP_MKT,PS,OVERNIGHT,_T,TDS,2024,266246,A,A,0
OECD.CFE.TOU:DSD_TOURISM_INTER@DF_INBOUND(1.0),HUN,GBR,TOP_MKT,PS,OVERNIGHT,_T,TDS,2024,641906,A,A,0
OECD.CFE.TOU:DSD_TOURISM_INTER@DF_INBOUND(1.0),HUN,GBR,TOP_MKT,PS,OVERNIGHT,_T,TSS,2024,384929,A,A,0
OECD.CFE.TOU:DSD_TOURISM_INTER@DF_INBOUND(1.0),GRC,GBR,TOP_MKT,PS,OVERNIGHT,_T,TDS,2024,4545490,A,A,0
OECD.CFE.TOU:DSD_TOURISM_INTER@DF_INBOUND(1.0),GRC,GBR,TOP_MKT,PS,OVERNIGHT,_T,TSS,2024,4370432,A,A,0
OECD.CFE.TOU:DSD_TOURISM_INTER@DF_INBOUND(1.0),DEU,GBR,TOP_MKT,PS,OVERNIGHT,_T,TSS,2024,2373132,A,A,0
OECD.CFE.TOU:DSD_TOURISM_INTER@DF_INBOUND(1.0),FIN,GBR,TOP_MKT,PS,OVERNIGHT,_T,TDS,2024,365000,A,A,0
OECD.CFE.TOU:DSD_TOURISM_INTER@DF_INBOUND(1.0),FIN,GBR,TOP_MKT,PS,OVERNIGHT,_T,TSS,2024,222355,A,A,0
OECD.CFE.TOU:DSD_TOURISM_INTER@DF_INBOUND(1.0),EST,GBR,TOP_MKT,PS,OVERNIGHT,_T,TSS,2024,69593,A,A,0
OECD.CFE.TOU:DSD_TOURISM_INTER@DF_INBOUND(1.0),DNK,GBR,TOP_MKT,PS,OVERNIGHT,_T,TDS,2024,841236,A,A,0
OECD.CFE.TOU:DSD_TOURISM_INTER@DF_INBOUND(1.0),LUX,GBR,TOP_MKT,PS,OVERNIGHT,_T,TSS,2024,71548,A,A,0
OECD.CFE.TOU:DSD_TOURISM_INTER@DF_INBOUND(1.0),LVA,GBR,TOP_MKT,PS,OVERNIGHT,_T,TSS,2024,94737,A,A,0
OECD.CFE.TOU:DSD_TOURISM_INTER@DF_INBOUND(1.0),FRA,GBR,TOP_MKT,PS,OVERNIGHT,_T,TSS,2024,7303464,A,A,0
OECD.CFE.TOU:DSD_TOURISM_INTER@DF_INBOUND(1.0),ZAF,GBR,TOP_MKT,PS,OVERNIGHT,_T,TDS,2024,350000,A,A,0
OECD.CFE.TOU:DSD_TOURISM_INTER@DF_INBOUND(1.0),ROU,GBR,TOP_MKT,PS,OVERNIGHT,_T,TSS,2024,136902,A,A,0
OECD.CFE.TOU:DSD_TOURISM_INTER@DF_INBOUND(1.0),MAR,GBR,TOP_MKT,PS,OVERNIGHT,_T,TDS,2024,1194222,A,A,0
OECD.CFE.TOU:DSD_TOURISM_INTER@DF_INBOUND(1.0),MLT,GBR,TOP_MKT,PS,OVERNIGHT,_T,TDS,2024,704302,A,A,0
OECD.CFE.TOU:DSD_TOURISM_INTER@DF_INBOUND(1.0),MLT,GBR,TOP_MKT,PS,OVERNIGHT,_T,TSS,2024,534142,A,A,0
OECD.CFE.TOU:DSD_TOURISM_INTER@DF_INBOUND(1.0),BGR,GBR,TOP_MKT,PS,OVERNIGHT,_T,TSS,2024,252845,A,A,0
OECD.CFE.TOU:DSD_TOURISM_INTER@DF_INBOUND(1.0),USA,GBR,TOP_MKT,PS,OVERNIGHT,_T,TDS,2024,4037119,A,A,0
OECD.CFE.TOU:DSD_TOURISM_INTER@DF_INBOUND(1.0),TUR,GBR,TOP_MKT,PS,OVERNIGHT,_T,TDS,2024,4198642,A,A,0
OECD.CFE.TOU:DSD_TOURISM_INTER@DF_INBOUND(1.0),TUR,GBR,TOP_MKT,PS,OVERNIGHT,_T,TSS,2024,4756830,A,A,0
OECD.CFE.TOU:DSD_TOURISM_INTER@DF_INBOUND(1.0),CHE,GBR,TOP_MKT,PS,OVERNIGHT,_T,TSS,2024,830849,A,A,0
OECD.CFE.TOU:DSD_TOURISM_INTER@DF_INBOUND(1.0),ESP,GBR,TOP_MKT,PS,OVERNIGHT,_T,TDS,2024,18382262,A,A,0
OECD.CFE.TOU:DSD_TOURISM_INTER@DF_INBOUND(1.0),ESP,GBR,TOP_MKT,PS,OVERNIGHT,_T,TSS,2024,11327773,A,A,0
OECD.CFE.TOU:DSD_TOURISM_INTER@DF_INBOUND(1.0),SVN,GBR,TOP_MKT,PS,OVERNIGHT,_T,TSS,2024,166921,A,A,0
OECD.CFE.TOU:DSD_TOURISM_INTER@DF_INBOUND(1.0),POL,USA,TOP_MKT,PS,OVERNIGHT,_T,TDS,2024,640000,A,A,0
OECD.CFE.TOU:DSD_TOURISM_INTER@DF_INBOUND(1.0),NOR,USA,TOP_MKT,PS,OVERNIGHT,_T,TSS,2024,762647,E,A,0
OECD.CFE.TOU:DSD_TOURISM_INTER@DF_INBOUND(1.0),NZL,USA,TOP_MKT,PS,OVERNIGHT,_T,TDS,2024,369635,A,A,0
OECD.CFE.TOU:DSD_TOURISM_INTER@DF_INBOUND(1.0),NLD,USA,TOP_MKT,PS,OVERNIGHT,_T,TSS,2024,2221000,A,A,0
OECD.CFE.TOU:DSD_TOURISM_INTER@DF_INBOUND(1.0),CHL,USA,TOP_MKT,PS,OVERNIGHT,_T,TDS,2024,251570,A,A,0
OECD.CFE.TOU:DSD_TOURISM_INTER@DF_INBOUND(1.0),CAN,USA,TOP_MKT,PS,OVERNIGHT,_T,TDS,2024,14082775,A,A,0
OECD.CFE.TOU:DSD_TOURISM_INTER@DF_INBOUND(1.0),BE3,USA,TOP_MKT,PS,OVERNIGHT,_T,TSS,2024,23772,A,A,0
OECD.CFE.TOU:DSD_TOURISM_INTER@DF_INBOUND(1.0),BE2,USA,TOP_MKT,PS,OVERNIGHT,_T,TSS,2024,186225,A,A,0
OECD.CFE.TOU:DSD_TOURISM_INTER@DF_INBOUND(1.0),BE1,USA,TOP_MKT,PS,OVERNIGHT,_T,TSS,2024,225967,A,A,0
OECD.CFE.TOU:DSD_TOURISM_INTER@DF_INBOUND(1.0),BEL,USA,TOP_MKT,PS,OVERNIGHT,_T,TSS,2024,435964,A,A,0
OECD.CFE.TOU:DSD_TOURISM_INTER@DF_INBOUND(1.0),AUS,USA,TOP_MKT,PS,OVERNIGHT,_T,TDS,2024,712382,A,A,0
OECD.CFE.TOU:DSD_TOURISM_INTER@DF_INBOUND(1.0),MEX,USA,TOP_MKT,PS,OVERNIGHT,_T,TDS,2024,14147998,A,A,0
OECD.CFE.TOU:DSD_TOURISM_INTER@DF_INBOUND(1.0),LTU,USA,TOP_MKT,PS,OVERNIGHT,_T,TSS,2024,91906,A,A,0
OECD.CFE.TOU:DSD_TOURISM_INTER@DF_INBOUND(1.0),KOR,USA,TOP_MKT,PS,OVERNIGHT,_T,TDS,2024,1320108,A,A,0
OECD.CFE.TOU:DSD_TOURISM_INTER@DF_INBOUND(1.0),JPN,USA,TOP_MKT,PS,OVERNIGHT,_T,TDS,2024,2724594,A,A,0
OECD.CFE.TOU:DSD_TOURISM_INTER@DF_INBOUND(1.0),ITA,USA,TOP_MKT,PS,OVERNIGHT,_T,TSS,2024,8134363,A,A,0
OECD.CFE.TOU:DSD_TOURISM_INTER@DF_INBOUND(1.0),ITA,USA,TOP_MKT,PS,OVERNIGHT,_T,TDS,2024,3239505,A,A,0
OECD.CFE.TOU:DSD_TOURISM_INTER@DF_INBOUND(1.0),ISR,USA,TOP_MKT,PS,OVERNIGHT,_T,TDS,2024,328700,A,A,0
OECD.CFE.TOU:DSD_TOURISM_INTER@DF_INBOUND(1.0),IRL,USA,TOP_MKT,PS,OVERNIGHT,_T,TSS,2024,1069544,A,A,0
OECD.CFE.TOU:DSD_TOURISM_INTER@DF_INBOUND(1.0),ISL,USA,TOP_MKT,PS,OVERNIGHT,_T,TDS,2024,620396,A,A,0
OECD.CFE.TOU:DSD_TOURISM_INTER@DF_INBOUND(1.0),GRC,USA,TOP_MKT,PS,OVERNIGHT,_T,TSS,2024,2443176,A,A,0
OECD.CFE.TOU:DSD_TOURISM_INTER@DF_INBOUND(1.0),DEU,USA,TOP_MKT,PS,OVERNIGHT,_T,TSS,2024,3222927,A,A,0
OECD.CFE.TOU:DSD_TOURISM_INTER@DF_INBOUND(1.0),FRA,USA,TOP_MKT,PS,OVERNIGHT,_T,TSS,2024,4680052,A,A,0
OECD.CFE.TOU:DSD_TOURISM_INTER@DF_INBOUND(1.0),FIN,USA,TOP_MKT,PS,OVERNIGHT,_T,TSS,2024,209712,A,A,0
OECD.CFE.TOU:DSD_TOURISM_INTER@DF_INBOUND(1.0),FIN,USA,TOP_MKT,PS,OVERNIGHT,_T,TDS,2024,281000,A,A,0
OECD.CFE.TOU:DSD_TOURISM_INTER@DF_INBOUND(1.0),DNK,USA,TOP_MKT,PS,OVERNIGHT,_T,TDS,2024,889008,A,A,0
OECD.CFE.TOU:DSD_TOURISM_INTER@DF_INBOUND(1.0),CZE,USA,TOP_MKT,PS,OVERNIGHT,_T,TSS,2024,563682,A,A,0
OECD.CFE.TOU:DSD_TOURISM_INTER@DF_INBOUND(1.0),CRI,USA,TOP_MKT,PS,OVERNIGHT,_T,TDS,2024,1621340,A,A,0
OECD.CFE.TOU:DSD_TOURISM_INTER@DF_INBOUND(1.0),COL,USA,TOP_MKT,PS,OVERNIGHT,_T,TDS,2024,1194690,P,A,0
OECD.CFE.TOU:DSD_TOURISM_INTER@DF_INBOUND(1.0),SAU,USA,TOP_MKT,PS,OVERNIGHT,_T,TDS,2025,,A,A,0
OECD.CFE.TOU:DSD_TOURISM_INTER@DF_INBOUND(1.0),ROU,USA,TOP_MKT,PS,OVERNIGHT,_T,TSS,2024,148169,A,A,0
OECD.CFE.TOU:DSD_TOURISM_INTER@DF_INBOUND(1.0),PER,USA,TOP_MKT,PS,OVERNIGHT,_T,TDS,2024,604251,A,A,0
OECD.CFE.TOU:DSD_TOURISM_INTER@DF_INBOUND(1.0),BRA,USA,TOP_MKT,PS,OVERNIGHT,_T,TDS,2024,728537,A,A,0
OECD.CFE.TOU:DSD_TOURISM_INTER@DF_INBOUND(1.0),GBR,USA,TOP_MKT,PS,OVERNIGHT,_T,TDS,2024,5585000,A,A,0
OECD.CFE.TOU:DSD_TOURISM_INTER@DF_INBOUND(1.0),CHE,USA,TOP_MKT,PS,OVERNIGHT,_T,TSS,2024,1766467,A,A,0
OECD.CFE.TOU:DSD_TOURISM_INTER@DF_INBOUND(1.0),ESP,USA,TOP_MKT,PS,OVERNIGHT,_T,TSS,2024,4523050,A,A,0
OECD.CFE.TOU:DSD_TOURISM_INTER@DF_INBOUND(1.0),POL,USA,TOP_MKT,PS,OVERNIGHT,_T,TSS,2024,557241,A,A,0
OECD.CFE.TOU:DSD_TOURISM_INTER@DF_INBOUND(1.0),BRA,ARG,TOP_MKT,PS,OVERNIGHT,_T,TDS,2024,1960182,A,A,0
OECD.CFE.TOU:DSD_TOURISM_INTER@DF_INBOUND(1.0),CHL,ARG,TOP_MKT,PS,OVERNIGHT,_T,TDS,2024,2088389,A,A,0
OECD.CFE.TOU:DSD_TOURISM_INTER@DF_INBOUND(1.0),SAU,BHR,TOP_MKT,PS,OVERNIGHT,_T,TDS,2024,2611124,A,A,0
OECD.CFE.TOU:DSD_TOURISM_INTER@DF_INBOUND(1.0),LTU,BLR,TOP_MKT,PS,OVERNIGHT,_T,TDS,2024,154300,A,A,0
OECD.CFE.TOU:DSD_TOURISM_INTER@DF_INBOUND(1.0),LTU,BLR,TOP_MKT,PS,OVERNIGHT,_T,TSS,2024,109396,A,A,0
OECD.CFE.TOU:DSD_TOURISM_INTER@DF_INBOUND(1.0),CHL,BOL,TOP_MKT,PS,OVERNIGHT,_T,TDS,2024,468681,A,A,0
OECD.CFE.TOU:DSD_TOURISM_INTER@DF_INBOUND(1.0),MNE,BIH,TOP_MKT,PS,OVERNIGHT,_T,TSS,2024,207392,A,A,0
OECD.CFE.TOU:DSD_TOURISM_INTER@DF_INBOUND(1.0),ARG,BRA,TOP_MKT,PS,OVERNIGHT,_T,TDS,2025,1184249,A,A,0
OECD.CFE.TOU:DSD_TOURISM_INTER@DF_INBOUND(1.0),ARG,BRA,TOP_MKT,PS,OVERNIGHT,_T,TDS,2024,1496545,A,A,0
OECD.CFE.TOU:DSD_TOURISM_INTER@DF_INBOUND(1.0),USA,BRA,TOP_MKT,PS,OVERNIGHT,_T,TDS,2024,1910256,A,A,0
OECD.CFE.TOU:DSD_TOURISM_INTER@DF_INBOUND(1.0),CHL,BRA,TOP_MKT,PS,OVERNIGHT,_T,TDS,2024,787036,A,A,0
OECD.CFE.TOU:DSD_TOURISM_INTER@DF_INBOUND(1.0),GRC,BGR,TOP_MKT,PS,OVERNIGHT,_T,TDS,2024,2923765,A,A,0
OECD.CFE.TOU:DSD_TOURISM_INTER@DF_INBOUND(1.0),ROU,BGR,TOP_MKT,PS,OVERNIGHT,_T,TDS,2024,1599868,B,A,0
OECD.CFE.TOU:DSD_TOURISM_INTER@DF_INBOUND(1.0),THA,CHN,TOP_MKT,PS,OVERNIGHT,_T,TDS,2024,6733162,A,A,0
OECD.CFE.TOU:DSD_TOURISM_INTER@DF_INBOUND(1.0),SRB,CHN,TOP_MKT,PS,OVERNIGHT,_T,TSS,2024,156644,A,A,0
OECD.CFE.TOU:DSD_TOURISM_INTER@DF_INBOUND(1.0),TUR,CHN,TOP_MKT,PS,OVERNIGHT,_T,TSS,2024,717516,A,A,0
OECD.CFE.TOU:DSD_TOURISM_INTER@DF_INBOUND(1.0),CHE,CHN,TOP_MKT,PS,OVERNIGHT,_T,TSS,2024,572711,A,A,0
OECD.CFE.TOU:DSD_TOURISM_INTER@DF_INBOUND(1.0),NZL,CHN,TOP_MKT,PS,OVERNIGHT,_T,TDS,2024,248478,A,A,0
OECD.CFE.TOU:DSD_TOURISM_INTER@DF_INBOUND(1.0),JPN,CHN,TOP_MKT,PS,OVERNIGHT,_T,TDS,2024,6981342,A,A,0
OECD.CFE.TOU:DSD_TOURISM_INTER@DF_INBOUND(1.0),ITA,CHN,TOP_MKT,PS,OVERNIGHT,_T,TSS,2024,1869422,A,A,0
OECD.CFE.TOU:DSD_TOURISM_INTER@DF_INBOUND(1.0),CZE,CHN,TOP_MKT,PS,OVERNIGHT,_T,TSS,2024,173839,A,A,0
OECD.CFE.TOU:DSD_TOURISM_INTER@DF_INBOUND(1.0),CAN,CHN,TOP_MKT,PS,OVERNIGHT,_T,TDS,2024,68147,A,A,0
OECD.CFE.TOU:DSD_TOURISM_INTER@DF_INBOUND(1.0),AUS,CHN,TOP_MKT,PS,OVERNIGHT,_T,TDS,2024,891552,A,A,0
OECD.CFE.TOU:DSD_TOURISM_INTER@DF_INBOUND(1.0),SVN,HRV,TOP_MKT,PS,OVERNIGHT,_T,TSS,2024,334722,A,A,0
OECD.CFE.TOU:DSD_TOURISM_INTER@DF_INBOUND(1.0),COL,ECU,TOP_MKT,PS,OVERNIGHT,_T,TDS,2024,348535,P,A,0
OECD.CFE.TOU:DSD_TOURISM_INTER@DF_INBOUND(1.0),SAU,EGY,TOP_MKT,PS,OVERNIGHT,_T,TDS,2025,3174255,P,A,0
OECD.CFE.TOU:DSD_TOURISM_INTER@DF_INBOUND(1.0),JPN,HKG,TOP_MKT,PS,OVERNIGHT,_T,TDS,2024,2683391,A,A,0
OECD.CFE.TOU:DSD_TOURISM_INTER@DF_INBOUND(1.0),THA,IND,TOP_MKT,PS,OVERNIGHT,_T,TDS,2024,2129149,A,A,0
OECD.CFE.TOU:DSD_TOURISM_INTER@DF_INBOUND(1.0),SAU,IND,TOP_MKT,PS,OVERNIGHT,_T,TDS,2024,1934801,A,A,0
OECD.CFE.TOU:DSD_TOURISM_INTER@DF_INBOUND(1.0),SAU,IND,TOP_MKT,PS,OVERNIGHT,_T,TDS,2025,2035652,P,A,0
OECD.CFE.TOU:DSD_TOURISM_INTER@DF_INBOUND(1.0),USA,IND,TOP_MKT,PS,OVERNIGHT,_T,TDS,2024,2190345,A,A,0
OECD.CFE.TOU:DSD_TOURISM_INTER@DF_INBOUND(1.0),CAN,IND,TOP_MKT,PS,OVERNIGHT,_T,TDS,2024,404462,A,A,0
OECD.CFE.TOU:DSD_TOURISM_INTER@DF_INBOUND(1.0),SAU,IDN,TOP_MKT,PS,OVERNIGHT,_T,TDS,2024,,A,A,0
OECD.CFE.TOU:DSD_TOURISM_INTER@DF_INBOUND(1.0),SAU,KWT,TOP_MKT,PS,OVERNIGHT,_T,TDS,2024,2108091,A,A,0
OECD.CFE.TOU:DSD_TOURISM_INTER@DF_INBOUND(1.0),SAU,PAK,TOP_MKT,PS,OVERNIGHT,_T,TDS,2024,2788799,A,A,0
OECD.CFE.TOU:DSD_TOURISM_INTER@DF_INBOUND(1.0),CHL,PER,TOP_MKT,PS,OVERNIGHT,_T,TDS,2024,365427,A,A,0
OECD.CFE.TOU:DSD_TOURISM_INTER@DF_INBOUND(1.0),SAU,QAT,TOP_MKT,PS,OVERNIGHT,_T,TDS,2024,,A,A,0
OECD.CFE.TOU:DSD_TOURISM_INTER@DF_INBOUND(1.0),HUN,ROU,TOP_MKT,PS,OVERNIGHT,_T,TSS,2024,437331,A,A,0
OECD.CFE.TOU:DSD_TOURISM_INTER@DF_INBOUND(1.0),HUN,ROU,TOP_MKT,PS,OVERNIGHT,_T,TDS,2024,1134443,A,A,0
OECD.CFE.TOU:DSD_TOURISM_INTER@DF_INBOUND(1.0),GRC,ROU,TOP_MKT,PS,OVERNIGHT,_T,TDS,2024,1407661,A,A,0
OECD.CFE.TOU:DSD_TOURISM_INTER@DF_INBOUND(1.0),GRC,RUS,TOP_MKT,PS,OVERNIGHT,_T,TDS,2024,16112,A,A,0
OECD.CFE.TOU:DSD_TOURISM_INTER@DF_INBOUND(1.0),EST,RUS,TOP_MKT,PS,OVERNIGHT,_T,TDS,2024,42139,A,A,0
OECD.CFE.TOU:DSD_TOURISM_INTER@DF_INBOUND(1.0),CZE,RUS,TOP_MKT,PS,OVERNIGHT,_T,TSS,2024,40671,A,A,0
OECD.CFE.TOU:DSD_TOURISM_INTER@DF_INBOUND(1.0),MNE,RUS,TOP_MKT,PS,OVERNIGHT,_T,TSS,2024,198025,A,A,0
OECD.CFE.TOU:DSD_TOURISM_INTER@DF_INBOUND(1.0),TUR,RUS,TOP_MKT,PS,OVERNIGHT,_T,TSS,2024,6480977,A,A,0
OECD.CFE.TOU:DSD_TOURISM_INTER@DF_INBOUND(1.0),TUR,RUS,TOP_MKT,PS,OVERNIGHT,_T,TDS,2024,6598759,A,A,0
OECD.CFE.TOU:DSD_TOURISM_INTER@DF_INBOUND(1.0),ROU,SRB,TOP_MKT,PS,OVERNIGHT,_T,TDS,2024,559677,B,A,0
OECD.CFE.TOU:DSD_TOURISM_INTER@DF_INBOUND(1.0),SVN,SRB,TOP_MKT,PS,OVERNIGHT,_T,TSS,2024,158648,A,A,0
OECD.CFE.TOU:DSD_TOURISM_INTER@DF_INBOUND(1.0),AUS,SGP,TOP_MKT,PS,OVERNIGHT,_T,TDS,2024,417900,A,A,0
OECD.CFE.TOU:DSD_TOURISM_INTER@DF_INBOUND(1.0),JPN,TWN,TOP_MKT,PS,OVERNIGHT,_T,TDS,2024,6044316,A,A,0
OECD.CFE.TOU:DSD_TOURISM_INTER@DF_INBOUND(1.0),TUR,UKR,TOP_MKT,PS,OVERNIGHT,_T,TDS,2024,935656,A,A,0
OECD.CFE.TOU:DSD_TOURISM_INTER@DF_INBOUND(1.0),POL,UKR,TOP_MKT,PS,OVERNIGHT,_T,TSS,2024,887552,A,A,0
OECD.CFE.TOU:DSD_TOURISM_INTER@DF_INBOUND(1.0),POL,UKR,TOP_MKT,PS,OVERNIGHT,_T,TDS,2024,3610000,A,A,0
OECD.CFE.TOU:DSD_TOURISM_INTER@DF_INBOUND(1.0),BGR,UKR,TOP_MKT,PS,OVERNIGHT,_T,TSS,2024,296113,A,A,0
OECD.CFE.TOU:DSD_TOURISM_INTER@DF_INBOUND(1.0),ARG,URY,TOP_MKT,PS,OVERNIGHT,_T,TDS,2025,758129,A,A,0
OECD.CFE.TOU:DSD_TOURISM_INTER@DF_INBOUND(1.0),ARG,URY,TOP_MKT,PS,OVERNIGHT,_T,TDS,2024,997895,A,A,0
OECD.CFE.TOU:DSD_TOURISM_INTER@DF_INBOUND(1.0),ARG,E,TOP_MKT,PS,OVERNIGHT,_T,TDS,2024,877424,A,A,0
OECD.CFE.TOU:DSD_TOURISM_INTER@DF_INBOUND(1.0),CRI,E,TOP_MKT,PS,OVERNIGHT,_T,TDS,2024,485725,A,A,0
OECD.CFE.TOU:DSD_TOURISM_INTER@DF_INBOUND(1.0),ISL,E3,TOP_MKT,PS,OVERNIGHT,_T,TDS,2024,124576,A,A,0
OECD.CFE.TOU:DSD_TOURISM_INTER@DF_INBOUND(1.0),MAR,_Z,ARRIVALS,PS,OVERNIGHT,_T,TDS,2024,17411949,A,A,0
OECD.CFE.TOU:DSD_TOURISM_INTER@DF_INBOUND(1.0),MAR,_Z,NIGHTS_ACCOM,NGHT,_T,HOTELS,TDS,2024,28243393,A,A,0
OECD.CFE.TOU:DSD_TOURISM_INTER@DF_INBOUND(1.0),MNE,_Z,ARRIVALS,PS,OVERNIGHT,_T,TSS,2024,2446563,A,A,0
OECD.CFE.TOU:DSD_TOURISM_INTER@DF_INBOUND(1.0),MNE,_Z,NIGHTS_ACCOM,NGHT,_T,_T,TSS,2024,14987478,A,A,0
OECD.CFE.TOU:DSD_TOURISM_INTER@DF_INBOUND(1.0),AUT,_Z,NIGHTS_ACCOM,NGHT,_T,_O,TSS,2024,6352127,A,A,0
OECD.CFE.TOU:DSD_TOURISM_INTER@DF_INBOUND(1.0),AUT,_Z,NIGHTS_ACCOM,NGHT,_T,PRIVATE,TSS,2024,20049275,A,A,0
OECD.CFE.TOU:DSD_TOURISM_INTER@DF_INBOUND(1.0),AUS,_Z,NIGHTS_ACCOM,NGHT,_T,PRIVATE,TDS,2024,107624000,A,A,0
OECD.CFE.TOU:DSD_TOURISM_INTER@DF_INBOUND(1.0),AUS,_Z,ARRIVALS,PS,OVERNIGHT,_T,TDS,2024,,A,A,0
OECD.CFE.TOU:DSD_TOURISM_INTER@DF_INBOUND(1.0),AUS,_Z,ARRIVALS,PS,SAME_DAY,_Z,TDS,2024,,A,A,0
OECD.CFE.TOU:DSD_TOURISM_INTER@DF_INBOUND(1.0),AUS,_Z,ARRIVALS,PS,_T,_Z,TDS,2024,8270925,A,A,0
OECD.CFE.TOU:DSD_TOURISM_INTER@DF_INBOUND(1.0),AUS,_Z,NIGHTS_ACCOM,NGHT,_T,_T,TDS,2024,294995000,A,A,0
OECD.CFE.TOU:DSD_TOURISM_INTER@DF_INBOUND(1.0),AUS,_Z,NIGHTS_ACCOM,NGHT,_T,HOTELS,TDS,2024,44378000,A,A,0
OECD.CFE.TOU:DSD_TOURISM_INTER@DF_INBOUND(1.0),BE2,_Z,ARRIVALS,PS,OVERNIGHT,_T,TDS,2024,,A,A,0
OECD.CFE.TOU:DSD_TOURISM_INTER@DF_INBOUND(1.0),BE2,_Z,ARRIVALS,PS,_T,_Z,TDS,2024,,A,A,0
OECD.CFE.TOU:DSD_TOURISM_INTER@DF_INBOUND(1.0),BE2,_Z,ARRIVALS,PS,SAME_DAY,_Z,TDS,2024,,A,A,0
OECD.CFE.TOU:DSD_TOURISM_INTER@DF_INBOUND(1.0),BE1,_Z,ARRIVALS,PS,OVERNIGHT,_T,TSS,2024,2642784,A,A,0
OECD.CFE.TOU:DSD_TOURISM_INTER@DF_INBOUND(1.0),BE1,_Z,NIGHTS_ACCOM,NGHT,_T,_T,TSS,2024,5732229,A,A,0
OECD.CFE.TOU:DSD_TOURISM_INTER@DF_INBOUND(1.0),BE1,_Z,NIGHTS_ACCOM,NGHT,_T,HOTELS,TSS,2024,5415243,A,A,0
OECD.CFE.TOU:DSD_TOURISM_INTER@DF_INBOUND(1.0),BE1,_Z,NIGHTS_ACCOM,NGHT,_T,PRIVATE,TDS,2024,,A,A,0
OECD.CFE.TOU:DSD_TOURISM_INTER@DF_INBOUND(1.0),BE1,_Z,NIGHTS_ACCOM,NGHT,_T,_O,TDS,2024,,A,A,0
OECD.CFE.TOU:DSD_TOURISM_INTER@DF_INBOUND(1.0),BE1,_Z,NIGHTS_ACCOM,NGHT,_T,HOTELS,TDS,2024,,A,A,0
OECD.CFE.TOU:DSD_TOURISM_INTER@DF_INBOUND(1.0),BE1,_Z,NIGHTS_ACCOM,NGHT,_T,_T,TDS,2024,,A,A,0
OECD.CFE.TOU:DSD_TOURISM_INTER@DF_INBOUND(1.0),BE1,_Z,ARRIVALS,PS,OVERNIGHT,_T,TDS,2024,,A,A,0
OECD.CFE.TOU:DSD_TOURISM_INTER@DF_INBOUND(1.0),BE1,_Z,ARRIVALS,PS,_T,_Z,TDS,2024,,A,A,0
OECD.CFE.TOU:DSD_TOURISM_INTER@DF_INBOUND(1.0),BE1,_Z,ARRIVALS,PS,SAME_DAY,_Z,TDS,2024,,A,A,0
OECD.CFE.TOU:DSD_TOURISM_INTER@DF_INBOUND(1.0),BEL,_Z,ARRIVALS,PS,OVERNIGHT,_T,TSS,2024,6627533,A,A,0
OECD.CFE.TOU:DSD_TOURISM_INTER@DF_INBOUND(1.0),BEL,_Z,NIGHTS_ACCOM,NGHT,_T,_T,TSS,2024,22279289,A,A,0
OECD.CFE.TOU:DSD_TOURISM_INTER@DF_INBOUND(1.0),BEL,_Z,NIGHTS_ACCOM,NGHT,_T,HOTELS,TSS,2024,12594940,A,A,0
OECD.CFE.TOU:DSD_TOURISM_INTER@DF_INBOUND(1.0),AUT,_Z,ARRIVALS,PS,OVERNIGHT,_T,TSS,2024,32195289,A,A,0
OECD.CFE.TOU:DSD_TOURISM_INTER@DF_INBOUND(1.0),AUT,_Z,NIGHTS_ACCOM,NGHT,_T,_T,TSS,2024,114058388,A,A,0
OECD.CFE.TOU:DSD_TOURISM_INTER@DF_INBOUND(1.0),AUT,_Z,NIGHTS_ACCOM,NGHT,_T,HOTELS,TSS,2024,87656986,A,A,0
OECD.CFE.TOU:DSD_TOURISM_INTER@DF_INBOUND(1.0),DNK,_Z,NIGHTS_ACCOM,NGHT,_T,HOTELS,TDS,2024,33159301,A,A,0
OECD.CFE.TOU:DSD_TOURISM_INTER@DF_INBOUND(1.0),DNK,_Z,NIGHTS_ACCOM,NGHT,_T,HOTELS,TSS,2024,28906721,A,A,0
OECD.CFE.TOU:DSD_TOURISM_INTER@DF_INBOUND(1.0),DNK,_Z,NIGHTS_ACCOM,NGHT,_T,_O,TSS,2024,5356721,A,A,0
OECD.CFE.TOU:DSD_TOURISM_INTER@DF_INBOUND(1.0),DNK,_Z,NIGHTS_ACCOM,NGHT,_T,_O,TDS,2024,5357708,A,A,0
OECD.CFE.TOU:DSD_TOURISM_INTER@DF_INBOUND(1.0),DNK,_Z,NIGHTS_ACCOM,NGHT,_T,PRIVATE,TDS,2024,23023577,A,A,0
OECD.CFE.TOU:DSD_TOURISM_INTER@DF_INBOUND(1.0),DNK,_Z,NIGHTS_ACCOM,NGHT,_T,HOTELS,TSS,2025,29555732,A,A,0
OECD.CFE.TOU:DSD_TOURISM_INTER@DF_INBOUND(1.0),DNK,_Z,NIGHTS_ACCOM,NGHT,_T,_O,TSS,2025,5634695,A,A,0
OECD.CFE.TOU:DSD_TOURISM_INTER@DF_INBOUND(1.0),DNK,_Z,NIGHTS_ACCOM,NGHT,_T,_T,TSS,2025,35190427,A,A,0
OECD.CFE.TOU:DSD_TOURISM_INTER@DF_INBOUND(1.0),DNK,_Z,ARRIVALS,PS,SAME_DAY,_Z,TDS,2024,5930060,A,A,0
OECD.CFE.TOU:DSD_TOURISM_INTER@DF_INBOUND(1.0),DNK,_Z,ARRIVALS,PS,_T,_Z,TDS,2024,20929799,A,A,0
OECD.CFE.TOU:DSD_TOURISM_INTER@DF_INBOUND(1.0),DNK,_Z,ARRIVALS,PS,OVERNIGHT,_T,TDS,2024,14999739,A,A,0
OECD.CFE.TOU:DSD_TOURISM_INTER@DF_INBOUND(1.0),CZE,_Z,ARRIVALS,PS,OVERNIGHT,_T,TSS,2024,10477528,A,A,0
OECD.CFE.TOU:DSD_TOURISM_INTER@DF_INBOUND(1.0),CZE,_Z,NIGHTS_ACCOM,NGHT,_T,_T,TSS,2024,25474111,A,A,0
OECD.CFE.TOU:DSD_TOURISM_INTER@DF_INBOUND(1.0),CZE,_Z,NIGHTS_ACCOM,NGHT,_T,HOTELS,TSS,2024,24858355,A,A,0
OECD.CFE.TOU:DSD_TOURISM_INTER@DF_INBOUND(1.0),CZE,_Z,NIGHTS_ACCOM,NGHT,_T,_O,TSS,2024,615756,A,A,0
OECD.CFE.TOU:DSD_TOURISM_INTER@DF_INBOUND(1.0),CRI,_Z,ARRIVALS,PS,OVERNIGHT,_T,TDS,2024,2919483,A,A,0
OECD.CFE.TOU:DSD_TOURISM_INTER@DF_INBOUND(1.0),CRI,_Z,NIGHTS_ACCOM,NGHT,_T,_T,TDS,2024,35617693,E,A,0
OECD.CFE.TOU:DSD_TOURISM_INTER@DF_INBOUND(1.0),CRI,_Z,ARRIVALS,PS,SAME_DAY,_Z,TDS,2024,370661,B,A,0
OECD.CFE.TOU:DSD_TOURISM_INTER@DF_INBOUND(1.0),CRI,_Z,ARRIVALS,PS,_T,_Z,TDS,2024,3290144,A,A,0
OECD.CFE.TOU:DSD_TOURISM_INTER@DF_INBOUND(1.0),COL,_Z,ARRIVALS,PS,_T,_Z,TDS,2024,7071459,P,A,0
OECD.CFE.TOU:DSD_TOURISM_INTER@DF_INBOUND(1.0),CHL,_Z,ARRIVALS,PS,OVERNIGHT,_T,TDS,2024,5239233,A,A,0
OECD.CFE.TOU:DSD_TOURISM_INTER@DF_INBOUND(1.0),CHL,_Z,ARRIVALS,PS,SAME_DAY,_Z,TDS,2024,598976,A,A,0
OECD.CFE.TOU:DSD_TOURISM_INTER@DF_INBOUND(1.0),CHL,_Z,ARRIVALS,PS,_T,_Z,TDS,2024,5838209,A,A,0
OECD.CFE.TOU:DSD_TOURISM_INTER@DF_INBOUND(1.0),CAN,_Z,NIGHTS_ACCOM,NGHT,_T,_O,TDS,2024,44190000,A,A,0
OECD.CFE.TOU:DSD_TOURISM_INTER@DF_INBOUND(1.0),CAN,_Z,NIGHTS_ACCOM,NGHT,_T,PRIVATE,TDS,2024,84120000,A,A,0
OECD.CFE.TOU:DSD_TOURISM_INTER@DF_INBOUND(1.0),CAN,_Z,ARRIVALS,PS,SAME_DAY,_Z,TDS,2024,9905226,A,A,0
OECD.CFE.TOU:DSD_TOURISM_INTER@DF_INBOUND(1.0),CAN,_Z,ARRIVALS,PS,_T,_Z,TDS,2024,29818152,A,A,0
OECD.CFE.TOU:DSD_TOURISM_INTER@DF_INBOUND(1.0),CAN,_Z,ARRIVALS,PS,OVERNIGHT,_T,TDS,2024,19912926,A,A,0
OECD.CFE.TOU:DSD_TOURISM_INTER@DF_INBOUND(1.0),CAN,_Z,NIGHTS_ACCOM,NGHT,_T,_T,TDS,2024,149362000,A,A,0
OECD.CFE.TOU:DSD_TOURISM_INTER@DF_INBOUND(1.0),BE3,_Z,ARRIVALS,PS,OVERNIGHT,_T,TSS,2024,819341,A,A,0
OECD.CFE.TOU:DSD_TOURISM_INTER@DF_INBOUND(1.0),BE3,_Z,NIGHTS_ACCOM,NGHT,_T,_T,TSS,2024,3945787,A,A,0
OECD.CFE.TOU:DSD_TOURISM_INTER@DF_INBOUND(1.0),BE3,_Z,NIGHTS_ACCOM,NGHT,_T,HOTELS,TSS,2024,1387207,A,A,0
OECD.CFE.TOU:DSD_TOURISM_INTER@DF_INBOUND(1.0),BE2,_Z,ARRIVALS,PS,OVERNIGHT,_T,TSS,2024,3165408,A,A,0
OECD.CFE.TOU:DSD_TOURISM_INTER@DF_INBOUND(1.0),BE2,_Z,NIGHTS_ACCOM,NGHT,_T,_T,TSS,2024,12601273,A,A,0
OECD.CFE.TOU:DSD_TOURISM_INTER@DF_INBOUND(1.0),BE2,_Z,NIGHTS_ACCOM,NGHT,_T,HOTELS,TSS,2024,5792490,A,A,0
OECD.CFE.TOU:DSD_TOURISM_INTER@DF_INBOUND(1.0),BE2,_Z,NIGHTS_ACCOM,NGHT,_T,PRIVATE,TDS,2024,,A,A,0
OECD.CFE.TOU:DSD_TOURISM_INTER@DF_INBOUND(1.0),BE2,_Z,NIGHTS_ACCOM,NGHT,_T,_O,TDS,2024,,A,A,0
OECD.CFE.TOU:DSD_TOURISM_INTER@DF_INBOUND(1.0),BE2,_Z,NIGHTS_ACCOM,NGHT,_T,HOTELS,TDS,2024,,A,A,0
OECD.CFE.TOU:DSD_TOURISM_INTER@DF_INBOUND(1.0),BE2,_Z,NIGHTS_ACCOM,NGHT,_T,_T,TDS,2024,,A,A,0
OECD.CFE.TOU:DSD_TOURISM_INTER@DF_INBOUND(1.0),ITA,_Z,NIGHTS_ACCOM,NGHT,_T,_O,TSS,2024,30603343,A,A,0
OECD.CFE.TOU:DSD_TOURISM_INTER@DF_INBOUND(1.0),ITA,_Z,NIGHTS_ACCOM,NGHT,_T,_O,TDS,2024,63247956,A,A,0
OECD.CFE.TOU:DSD_TOURISM_INTER@DF_INBOUND(1.0),ITA,_Z,NIGHTS_ACCOM,NGHT,_T,PRIVATE,TDS,2024,186180325,A,A,0
OECD.CFE.TOU:DSD_TOURISM_INTER@DF_INBOUND(1.0),ITA,_Z,ARRIVALS,PS,SAME_DAY,_Z,TDS,2024,30538761,A,A,0
OECD.CFE.TOU:DSD_TOURISM_INTER@DF_INBOUND(1.0),ITA,_Z,ARRIVALS,PS,_T,_Z,TDS,2024,88263909,A,A,0
OECD.CFE.TOU:DSD_TOURISM_INTER@DF_INBOUND(1.0),ISR,_Z,ARRIVALS,PS,OVERNIGHT,_T,TDS,2024,961300,A,A,0
OECD.CFE.TOU:DSD_TOURISM_INTER@DF_INBOUND(1.0),ISR,_Z,NIGHTS_ACCOM,NGHT,_T,_T,TSS,2024,2172000,A,A,0
OECD.CFE.TOU:DSD_TOURISM_INTER@DF_INBOUND(1.0),ISR,_Z,NIGHTS_ACCOM,NGHT,_T,HOTELS,TSS,2024,2097100,A,A,0
OECD.CFE.TOU:DSD_TOURISM_INTER@DF_INBOUND(1.0),ISR,_Z,NIGHTS_ACCOM,NGHT,_T,_O,TSS,2024,74900,A,A,0
OECD.CFE.TOU:DSD_TOURISM_INTER@DF_INBOUND(1.0),ISR,_Z,ARRIVALS,PS,OVERNIGHT,_T,TSS,2024,610522,B,A,0
OECD.CFE.TOU:DSD_TOURISM_INTER@DF_INBOUND(1.0),ISR,_Z,NIGHTS_ACCOM,NGHT,_T,PRIVATE,TDS,2024,,A,A,0
OECD.CFE.TOU:DSD_TOURISM_INTER@DF_INBOUND(1.0),ISR,_Z,NIGHTS_ACCOM,NGHT,_T,_O,TDS,2024,,A,A,0
OECD.CFE.TOU:DSD_TOURISM_INTER@DF_INBOUND(1.0),ISR,_Z,NIGHTS_ACCOM,NGHT,_T,HOTELS,TDS,2024,,A,A,0
OECD.CFE.TOU:DSD_TOURISM_INTER@DF_INBOUND(1.0),ISR,_Z,NIGHTS_ACCOM,NGHT,_T,_T,TDS,2024,,A,A,0
OECD.CFE.TOU:DSD_TOURISM_INTER@DF_INBOUND(1.0),ISR,_Z,NIGHTS_ACCOM,NGHT,_T,PRIVATE,TSS,2024,,B,A,0
OECD.CFE.TOU:DSD_TOURISM_INTER@DF_INBOUND(1.0),ISR,_Z,ARRIVALS,PS,_T,_Z,TSS,2024,,A,A,0
OECD.CFE.TOU:DSD_TOURISM_INTER@DF_INBOUND(1.0),ISR,_Z,ARRIVALS,PS,SAME_DAY,_Z,TSS,2024,,A,A,0
OECD.CFE.TOU:DSD_TOURISM_INTER@DF_INBOUND(1.0),ISR,_Z,ARRIVALS,PS,SAME_DAY,_Z,TDS,2024,13100,A,A,0
OECD.CFE.TOU:DSD_TOURISM_INTER@DF_INBOUND(1.0),ISR,_Z,ARRIVALS,PS,_T,_Z,TDS,2024,974400,A,A,0
OECD.CFE.TOU:DSD_TOURISM_INTER@DF_INBOUND(1.0),IRL,_Z,NIGHTS_ACCOM,NGHT,_T,_T,TSS,2024,24349960,A,A,0
OECD.CFE.TOU:DSD_TOURISM_INTER@DF_INBOUND(1.0),IRL,_Z,NIGHTS_ACCOM,NGHT,_T,HOTELS,TSS,2024,23406081,A,A,0
OECD.CFE.TOU:DSD_TOURISM_INTER@DF_INBOUND(1.0),IRL,_Z,NIGHTS_ACCOM,NGHT,_T,_O,TSS,2024,943879,A,A,0
OECD.CFE.TOU:DSD_TOURISM_INTER@DF_INBOUND(1.0),IRL,_Z,ARRIVALS,PS,_T,_Z,TSS,2024,4203374,A,A,0
OECD.CFE.TOU:DSD_TOURISM_INTER@DF_INBOUND(1.0),IRL,_Z,ARRIVALS,PS,OVERNIGHT,_T,TDS,2024,6591600,A,A,0
OECD.CFE.TOU:DSD_TOURISM_INTER@DF_INBOUND(1.0),ISL,_Z,ARRIVALS,PS,OVERNIGHT,_T,TDS,2024,2279865,A,A,0
OECD.CFE.TOU:DSD_TOURISM_INTER@DF_INBOUND(1.0),ISL,_Z,NIGHTS_ACCOM,NGHT,_T,_T,TSS,2024,7397216,A,A,0
OECD.CFE.TOU:DSD_TOURISM_INTER@DF_INBOUND(1.0),ISL,_Z,NIGHTS_ACCOM,NGHT,_T,HOTELS,TSS,2024,5528966,A,A,0
OECD.CFE.TOU:DSD_TOURISM_INTER@DF_INBOUND(1.0),ISL,_Z,NIGHTS_ACCOM,NGHT,_T,_O,TSS,2024,1306623,A,A,0
OECD.CFE.TOU:DSD_TOURISM_INTER@DF_INBOUND(1.0),ISL,_Z,NIGHTS_ACCOM,NGHT,_T,PRIVATE,TSS,2024,561627,A,A,0
OECD.CFE.TOU:DSD_TOURISM_INTER@DF_INBOUND(1.0),ISL,_Z,NIGHTS_ACCOM,NGHT,_T,PRIVATE,TDS,2024,,A,A,0
OECD.CFE.TOU:DSD_TOURISM_INTER@DF_INBOUND(1.0),ISL,_Z,NIGHTS_ACCOM,NGHT,_T,_O,TDS,2024,,A,A,0
OECD.CFE.TOU:DSD_TOURISM_INTER@DF_INBOUND(1.0),ISL,_Z,NIGHTS_ACCOM,NGHT,_T,HOTELS,TDS,2024,,A,A,0
OECD.CFE.TOU:DSD_TOURISM_INTER@DF_INBOUND(1.0),ISL,_Z,NIGHTS_ACCOM,NGHT,_T,_T,TDS,2024,,A,A,0
OECD.CFE.TOU:DSD_TOURISM_INTER@DF_INBOUND(1.0),ISL,_Z,ARRIVALS,PS,OVERNIGHT,_T,TSS,2024,,A,A,0
OECD.CFE.TOU:DSD_TOURISM_INTER@DF_INBOUND(1.0),ISL,_Z,ARRIVALS,PS,_T,_Z,TSS,2024,,A,A,0
OECD.CFE.TOU:DSD_TOURISM_INTER@DF_INBOUND(1.0),ISL,_Z,ARRIVALS,PS,SAME_DAY,_Z,TSS,2024,,A,A,0
OECD.CFE.TOU:DSD_TOURISM_INTER@DF_INBOUND(1.0),ISL,_Z,ARRIVALS,PS,SAME_DAY,_Z,TDS,2024,1050417,A,A,0
OECD.CFE.TOU:DSD_TOURISM_INTER@DF_INBOUND(1.0),HUN,_Z,ARRIVALS,PS,OVERNIGHT,_T,TDS,2024,12344754,A,A,0
OECD.CFE.TOU:DSD_TOURISM_INTER@DF_INBOUND(1.0),HUN,_Z,ARRIVALS,PS,OVERNIGHT,_T,TSS,2024,6113954,A,A,0
OECD.CFE.TOU:DSD_TOURISM_INTER@DF_INBOUND(1.0),HUN,_Z,NIGHTS_ACCOM,NGHT,_T,_T,TSS,2024,22620419,A,A,0
OECD.CFE.TOU:DSD_TOURISM_INTER@DF_INBOUND(1.0),HUN,_Z,NIGHTS_ACCOM,NGHT,_T,HOTELS,TSS,2024,14186300,A,A,0
OECD.CFE.TOU:DSD_TOURISM_INTER@DF_INBOUND(1.0),HUN,_Z,NIGHTS_ACCOM,NGHT,_T,_O,TSS,2024,1037953,A,A,0
OECD.CFE.TOU:DSD_TOURISM_INTER@DF_INBOUND(1.0),HUN,_Z,NIGHTS_ACCOM,NGHT,_T,PRIVATE,TSS,2024,7396166,A,A,0
OECD.CFE.TOU:DSD_TOURISM_INTER@DF_INBOUND(1.0),HUN,_Z,ARRIVALS,PS,SAME_DAY,_Z,TDS,2024,35366131,A,A,0
OECD.CFE.TOU:DSD_TOURISM_INTER@DF_INBOUND(1.0),HUN,_Z,ARRIVALS,PS,_T,_Z,TDS,2024,47710885,A,A,0
OECD.CFE.TOU:DSD_TOURISM_INTER@DF_INBOUND(1.0),GRC,_Z,ARRIVALS,PS,OVERNIGHT,_T,TSS,2024,27376639,A,A,0
OECD.CFE.TOU:DSD_TOURISM_INTER@DF_INBOUND(1.0),GRC,_Z,NIGHTS_ACCOM,NGHT,_T,_T,TSS,2024,128180321,A,A,0
OECD.CFE.TOU:DSD_TOURISM_INTER@DF_INBOUND(1.0),GRC,_Z,NIGHTS_ACCOM,NGHT,_T,_T,TDS,2024,240816616,A,A,0
OECD.CFE.TOU:DSD_TOURISM_INTER@DF_INBOUND(1.0),GRC,_Z,NIGHTS_ACCOM,NGHT,_T,HOTELS,TSS,2024,126862549,A,A,0
OECD.CFE.TOU:DSD_TOURISM_INTER@DF_INBOUND(1.0),GRC,_Z,NIGHTS_ACCOM,NGHT,_T,PRIVATE,TSS,2024,,A,A,0
OECD.CFE.TOU:DSD_TOURISM_INTER@DF_INBOUND(1.0),GRC,_Z,NIGHTS_ACCOM,NGHT,_T,PRIVATE,TDS,2024,,A,A,0
OECD.CFE.TOU:DSD_TOURISM_INTER@DF_INBOUND(1.0),GRC,_Z,NIGHTS_ACCOM,NGHT,_T,_O,TDS,2024,,A,A,0
OECD.CFE.TOU:DSD_TOURISM_INTER@DF_INBOUND(1.0),GRC,_Z,NIGHTS_ACCOM,NGHT,_T,HOTELS,TDS,2024,,A,A,0
OECD.CFE.TOU:DSD_TOURISM_INTER@DF_INBOUND(1.0),GRC,_Z,ARRIVALS,PS,OVERNIGHT,_T,TDS,2024,,A,A,0
OECD.CFE.TOU:DSD_TOURISM_INTER@DF_INBOUND(1.0),GRC,_Z,ARRIVALS,PS,_T,_Z,TSS,2024,,A,A,0
OECD.CFE.TOU:DSD_TOURISM_INTER@DF_INBOUND(1.0),GRC,_Z,ARRIVALS,PS,SAME_DAY,_Z,TDS,2024,,A,A,0
OECD.CFE.TOU:DSD_TOURISM_INTER@DF_INBOUND(1.0),GRC,_Z,ARRIVALS,PS,SAME_DAY,_Z,TSS,2024,,A,A,0
OECD.CFE.TOU:DSD_TOURISM_INTER@DF_INBOUND(1.0),GRC,_Z,ARRIVALS,PS,_T,_Z,TDS,2024,40693879,A,A,0
OECD.CFE.TOU:DSD_TOURISM_INTER@DF_INBOUND(1.0),GRC,_Z,NIGHTS_ACCOM,NGHT,_T,_O,TSS,2024,1317772,A,A,0
OECD.CFE.TOU:DSD_TOURISM_INTER@DF_INBOUND(1.0),DEU,_Z,NIGHTS_ACCOM,NGHT,_T,_O,TSS,2024,4551030,A,A,0
OECD.CFE.TOU:DSD_TOURISM_INTER@DF_INBOUND(1.0),DEU,_Z,ARRIVALS,PS,OVERNIGHT,_T,TSS,2024,37419799,A,A,0
OECD.CFE.TOU:DSD_TOURISM_INTER@DF_INBOUND(1.0),DEU,_Z,NIGHTS_ACCOM,NGHT,_T,_T,TSS,2024,84792636,A,A,0
OECD.CFE.TOU:DSD_TOURISM_INTER@DF_INBOUND(1.0),FRA,_Z,ARRIVALS,PS,OVERNIGHT,_T,TSS,2024,54591535,A,A,0
OECD.CFE.TOU:DSD_TOURISM_INTER@DF_INBOUND(1.0),FRA,_Z,NIGHTS_ACCOM,NGHT,_T,_T,TSS,2024,140608197,A,A,0
OECD.CFE.TOU:DSD_TOURISM_INTER@DF_INBOUND(1.0),FRA,_Z,NIGHTS_ACCOM,NGHT,_T,HOTELS,TSS,2024,95767237,A,A,0
OECD.CFE.TOU:DSD_TOURISM_INTER@DF_INBOUND(1.0),FRA,_Z,NIGHTS_ACCOM,NGHT,_T,_O,TSS,2024,44840960,A,A,0
OECD.CFE.TOU:DSD_TOURISM_INTER@DF_INBOUND(1.0),FIN,_Z,ARRIVALS,PS,OVERNIGHT,_T,TSS,2024,2903960,A,A,0
OECD.CFE.TOU:DSD_TOURISM_INTER@DF_INBOUND(1.0),FIN,_Z,NIGHTS_ACCOM,NGHT,_T,_T,TSS,2024,6368626,A,A,0
OECD.CFE.TOU:DSD_TOURISM_INTER@DF_INBOUND(1.0),FIN,_Z,NIGHTS_ACCOM,NGHT,_T,_T,TDS,2024,44652000,A,A,0
OECD.CFE.TOU:DSD_TOURISM_INTER@DF_INBOUND(1.0),FIN,_Z,NIGHTS_ACCOM,NGHT,_T,HOTELS,TDS,2024,11362000,A,A,0
OECD.CFE.TOU:DSD_TOURISM_INTER@DF_INBOUND(1.0),FIN,_Z,NIGHTS_ACCOM,NGHT,_T,HOTELS,TSS,2024,6083858,A,A,0
OECD.CFE.TOU:DSD_TOURISM_INTER@DF_INBOUND(1.0),FIN,_Z,NIGHTS_ACCOM,NGHT,_T,_O,TSS,2024,284768,A,A,0
OECD.CFE.TOU:DSD_TOURISM_INTER@DF_INBOUND(1.0),FIN,_Z,NIGHTS_ACCOM,NGHT,_T,_O,TDS,2024,10646000,A,A,0
OECD.CFE.TOU:DSD_TOURISM_INTER@DF_INBOUND(1.0),FIN,_Z,NIGHTS_ACCOM,NGHT,_T,PRIVATE,TDS,2024,22644000,A,A,0
OECD.CFE.TOU:DSD_TOURISM_INTER@DF_INBOUND(1.0),FIN,_Z,ARRIVALS,PS,SAME_DAY,_Z,TDS,2024,485000,A,A,0
OECD.CFE.TOU:DSD_TOURISM_INTER@DF_INBOUND(1.0),FIN,_Z,ARRIVALS,PS,_T,_Z,TDS,2024,4960000,A,A,0
OECD.CFE.TOU:DSD_TOURISM_INTER@DF_INBOUND(1.0),EST,_Z,ARRIVALS,PS,OVERNIGHT,_T,TDS,2024,2656590,A,A,0
OECD.CFE.TOU:DSD_TOURISM_INTER@DF_INBOUND(1.0),EST,_Z,ARRIVALS,PS,OVERNIGHT,_T,TSS,2024,1855063,A,A,0
OECD.CFE.TOU:DSD_TOURISM_INTER@DF_INBOUND(1.0),EST,_Z,NIGHTS_ACCOM,NGHT,_T,_T,TSS,2024,3667975,A,A,0
OECD.CFE.TOU:DSD_TOURISM_INTER@DF_INBOUND(1.0),EST,_Z,NIGHTS_ACCOM,NGHT,_T,HOTELS,TSS,2024,3652152,A,A,0
OECD.CFE.TOU:DSD_TOURISM_INTER@DF_INBOUND(1.0),EST,_Z,NIGHTS_ACCOM,NGHT,_T,_O,TSS,2024,15823,A,A,0
OECD.CFE.TOU:DSD_TOURISM_INTER@DF_INBOUND(1.0),EST,_Z,ARRIVALS,PS,SAME_DAY,_Z,TDS,2024,1703784,A,A,0
OECD.CFE.TOU:DSD_TOURISM_INTER@DF_INBOUND(1.0),EST,_Z,ARRIVALS,PS,_T,_Z,TDS,2024,4360374,A,A,0
OECD.CFE.TOU:DSD_TOURISM_INTER@DF_INBOUND(1.0),DNK,_Z,NIGHTS_ACCOM,NGHT,_T,_T,TDS,2024,61540586,A,A,0
OECD.CFE.TOU:DSD_TOURISM_INTER@DF_INBOUND(1.0),MNE,_Z,NIGHTS_ACCOM,NGHT,_T,HOTELS,TSS,2024,4589974,A,A,0
OECD.CFE.TOU:DSD_TOURISM_INTER@DF_INBOUND(1.0),MNE,_Z,NIGHTS_ACCOM,NGHT,_T,_O,TSS,2024,44223,A,A,0
OECD.CFE.TOU:DSD_TOURISM_INTER@DF_INBOUND(1.0),MNE,_Z,NIGHTS_ACCOM,NGHT,_T,PRIVATE,TSS,2024,10353281,A,A,0
OECD.CFE.TOU:DSD_TOURISM_INTER@DF_INBOUND(1.0),MLT,_Z,ARRIVALS,PS,OVERNIGHT,_T,TDS,2024,3563618,A,A,0
OECD.CFE.TOU:DSD_TOURISM_INTER@DF_INBOUND(1.0),MLT,_Z,ARRIVALS,PS,OVERNIGHT,_T,TSS,2024,2278803,A,A,0
OECD.CFE.TOU:DSD_TOURISM_INTER@DF_INBOUND(1.0),MLT,_Z,NIGHTS_ACCOM,NGHT,_T,_T,TSS,2024,10605083,A,A,0
OECD.CFE.TOU:DSD_TOURISM_INTER@DF_INBOUND(1.0),MLT,_Z,NIGHTS_ACCOM,NGHT,_T,_T,TDS,2024,22916616,A,A,0
OECD.CFE.TOU:DSD_TOURISM_INTER@DF_INBOUND(1.0),MLT,_Z,NIGHTS_ACCOM,NGHT,_T,HOTELS,TDS,2024,19970884,A,A,0
OECD.CFE.TOU:DSD_TOURISM_INTER@DF_INBOUND(1.0),MLT,_Z,NIGHTS_ACCOM,NGHT,_T,HOTELS,TSS,2024,10605083,A,A,0
OECD.CFE.TOU:DSD_TOURISM_INTER@DF_INBOUND(1.0),MLT,_Z,NIGHTS_ACCOM,NGHT,_T,_O,TSS,2024,0,A,A,0
OECD.CFE.TOU:DSD_TOURISM_INTER@DF_INBOUND(1.0),MLT,_Z,NIGHTS_ACCOM,NGHT,_T,PRIVATE,TDS,2024,2945732,A,A,0
OECD.CFE.TOU:DSD_TOURISM_INTER@DF_INBOUND(1.0),MLT,_Z,NIGHTS_ACCOM,NGHT,_T,_O,TDS,2024,,A,A,0
OECD.CFE.TOU:DSD_TOURISM_INTER@DF_INBOUND(1.0),MLT,_Z,ARRIVALS,PS,SAME_DAY,_Z,TDS,2024,735194,A,A,0
OECD.CFE.TOU:DSD_TOURISM_INTER@DF_INBOUND(1.0),MLT,_Z,ARRIVALS,PS,_T,_Z,TSS,2024,2278803,A,A,0
OECD.CFE.TOU:DSD_TOURISM_INTER@DF_INBOUND(1.0),MLT,_Z,ARRIVALS,PS,_T,_Z,TDS,2024,4298812,A,A,0
OECD.CFE.TOU:DSD_TOURISM_INTER@DF_INBOUND(1.0),IDN,_Z,ARRIVALS,PS,SAME_DAY,_Z,TDS,2024,299000,A,A,0
OECD.CFE.TOU:DSD_TOURISM_INTER@DF_INBOUND(1.0),IDN,_Z,ARRIVALS,PS,_T,_Z,TDS,2024,13886678,A,A,0
OECD.CFE.TOU:DSD_TOURISM_INTER@DF_INBOUND(1.0),HRV,_Z,ARRIVALS,PS,OVERNIGHT,_T,TSS,2024,17378721,A,A,0
OECD.CFE.TOU:DSD_TOURISM_INTER@DF_INBOUND(1.0),HRV,_Z,NIGHTS_ACCOM,NGHT,_T,_T,TSS,2024,84963884,A,A,0
OECD.CFE.TOU:DSD_TOURISM_INTER@DF_INBOUND(1.0),HRV,_Z,NIGHTS_ACCOM,NGHT,_T,HOTELS,TSS,2024,28402756,A,A,0
OECD.CFE.TOU:DSD_TOURISM_INTER@DF_INBOUND(1.0),HRV,_Z,NIGHTS_ACCOM,NGHT,_T,_O,TSS,2024,20181708,A,A,0
OECD.CFE.TOU:DSD_TOURISM_INTER@DF_INBOUND(1.0),HRV,_Z,NIGHTS_ACCOM,NGHT,_T,PRIVATE,TSS,2024,36379420,A,A,0
OECD.CFE.TOU:DSD_TOURISM_INTER@DF_INBOUND(1.0),BGR,_Z,ARRIVALS,PS,OVERNIGHT,_T,TSS,2024,3770036,A,A,0
OECD.CFE.TOU:DSD_TOURISM_INTER@DF_INBOUND(1.0),BGR,_Z,NIGHTS_ACCOM,NGHT,_T,_T,TSS,2024,15058045,A,A,0
OECD.CFE.TOU:DSD_TOURISM_INTER@DF_INBOUND(1.0),BGR,_Z,ARRIVALS,PS,_T,_Z,TDS,2024,13249456,A,A,0
OECD.CFE.TOU:DSD_TOURISM_INTER@DF_INBOUND(1.0),BRA,_Z,ARRIVALS,PS,OVERNIGHT,_T,TDS,2025,8400000,A,A,0
OECD.CFE.TOU:DSD_TOURISM_INTER@DF_INBOUND(1.0),BRA,_Z,ARRIVALS,PS,OVERNIGHT,_T,TDS,2024,6773619,A,A,0
OECD.CFE.TOU:DSD_TOURISM_INTER@DF_INBOUND(1.0),BRA,_Z,NIGHTS_ACCOM,NGHT,_T,PRIVATE,TDS,2024,,A,A,0
OECD.CFE.TOU:DSD_TOURISM_INTER@DF_INBOUND(1.0),BRA,_Z,NIGHTS_ACCOM,NGHT,_T,_O,TDS,2024,,A,A,0
OECD.CFE.TOU:DSD_TOURISM_INTER@DF_INBOUND(1.0),BRA,_Z,NIGHTS_ACCOM,NGHT,_T,HOTELS,TDS,2024,,A,A,0
OECD.CFE.TOU:DSD_TOURISM_INTER@DF_INBOUND(1.0),BRA,_Z,NIGHTS_ACCOM,NGHT,_T,_T,TDS,2024,,A,A,0
OECD.CFE.TOU:DSD_TOURISM_INTER@DF_INBOUND(1.0),BRA,_Z,ARRIVALS,PS,SAME_DAY,_Z,TDS,2024,,A,A,0
OECD.CFE.TOU:DSD_TOURISM_INTER@DF_INBOUND(1.0),BRA,_Z,NIGHTS_ACCOM,NGHT,_T,HOTELS,TDS,2025,,A,A,0
OECD.CFE.TOU:DSD_TOURISM_INTER@DF_INBOUND(1.0),BRA,_Z,NIGHTS_ACCOM,NGHT,_T,PRIVATE,TDS,2025,,A,A,0
OECD.CFE.TOU:DSD_TOURISM_INTER@DF_INBOUND(1.0),BRA,_Z,NIGHTS_ACCOM,NGHT,_T,_O,TDS,2025,,A,A,0
OECD.CFE.TOU:DSD_TOURISM_INTER@DF_INBOUND(1.0),BRA,_Z,NIGHTS_ACCOM,NGHT,_T,_T,TDS,2025,,A,A,0
OECD.CFE.TOU:DSD_TOURISM_INTER@DF_INBOUND(1.0),ARG,_Z,ARRIVALS,PS,SAME_DAY,_Z,TDS,2024,4754916,A,A,0
OECD.CFE.TOU:DSD_TOURISM_INTER@DF_INBOUND(1.0),ARG,_Z,ARRIVALS,PS,_T,_Z,TDS,2024,11358793,A,A,0
OECD.CFE.TOU:DSD_TOURISM_INTER@DF_INBOUND(1.0),ARG,_Z,ARRIVALS,PS,OVERNIGHT,_T,TDS,2024,6603877,A,A,0
OECD.CFE.TOU:DSD_TOURISM_INTER@DF_INBOUND(1.0),ARG,_Z,ARRIVALS,PS,OVERNIGHT,_T,TSS,2024,4171762,A,A,0
OECD.CFE.TOU:DSD_TOURISM_INTER@DF_INBOUND(1.0),ARG,_Z,ARRIVALS,PS,SAME_DAY,_Z,TDS,2025,3493330,A,A,0
OECD.CFE.TOU:DSD_TOURISM_INTER@DF_INBOUND(1.0),ARG,_Z,ARRIVALS,PS,OVERNIGHT,_T,TDS,2025,5680796,A,A,0
OECD.CFE.TOU:DSD_TOURISM_INTER@DF_INBOUND(1.0),ARG,_Z,ARRIVALS,PS,_T,_Z,TDS,2025,9174126,A,A,0
OECD.CFE.TOU:DSD_TOURISM_INTER@DF_INBOUND(1.0),ARG,_Z,NIGHTS_ACCOM,NGHT,_T,HOTELS,TSS,2024,9854696,A,A,0
OECD.CFE.TOU:DSD_TOURISM_INTER@DF_INBOUND(1.0),ARG,_Z,ARRIVALS,PS,SAME_DAY,_Z,TSS,2024,,A,A,0
OECD.CFE.TOU:DSD_TOURISM_INTER@DF_INBOUND(1.0),ARG,_Z,ARRIVALS,PS,_T,_Z,TSS,2024,,A,A,0
OECD.CFE.TOU:DSD_TOURISM_INTER@DF_INBOUND(1.0),ARG,_Z,NIGHTS_ACCOM,NGHT,_T,_O,TSS,2024,,A,A,0
OECD.CFE.TOU:DSD_TOURISM_INTER@DF_INBOUND(1.0),ARG,_Z,NIGHTS_ACCOM,NGHT,_T,PRIVATE,TDS,2024,,A,A,0
OECD.CFE.TOU:DSD_TOURISM_INTER@DF_INBOUND(1.0),ARG,_Z,NIGHTS_ACCOM,NGHT,_T,_T,TDS,2024,,A,A,0
OECD.CFE.TOU:DSD_TOURISM_INTER@DF_INBOUND(1.0),ARG,_Z,NIGHTS_ACCOM,NGHT,_T,_T,TSS,2024,,A,A,0
OECD.CFE.TOU:DSD_TOURISM_INTER@DF_INBOUND(1.0),ARG,_Z,NIGHTS_ACCOM,NGHT,_T,_O,TDS,2024,,A,A,0
OECD.CFE.TOU:DSD_TOURISM_INTER@DF_INBOUND(1.0),ARG,_Z,NIGHTS_ACCOM,NGHT,_T,HOTELS,TDS,2024,,A,A,0
OECD.CFE.TOU:DSD_TOURISM_INTER@DF_INBOUND(1.0),ARG,_Z,NIGHTS_ACCOM,NGHT,_T,PRIVATE,TSS,2024,,A,A,0
OECD.CFE.TOU:DSD_TOURISM_INTER@DF_INBOUND(1.0),USA,_Z,NIGHTS_ACCOM,NGHT,_T,PRIVATE,TDS,2024,198471677,A,A,0
OECD.CFE.TOU:DSD_TOURISM_INTER@DF_INBOUND(1.0),USA,_Z,ARRIVALS,PS,OVERNIGHT,_T,TDS,2025,63300000,A,A,0
OECD.CFE.TOU:DSD_TOURISM_INTER@DF_INBOUND(1.0),USA,_Z,ARRIVALS,PS,OVERNIGHT,_T,TDS,2024,72390321,A,A,0
OECD.CFE.TOU:DSD_TOURISM_INTER@DF_INBOUND(1.0),USA,_Z,NIGHTS_ACCOM,NGHT,_T,_T,TDS,2024,421763652,A,A,0
OECD.CFE.TOU:DSD_TOURISM_INTER@DF_INBOUND(1.0),USA,_Z,NIGHTS_ACCOM,NGHT,_T,HOTELS,TDS,2024,200598949,A,A,0
OECD.CFE.TOU:DSD_TOURISM_INTER@DF_INBOUND(1.0),GBR,_Z,ARRIVALS,PS,OVERNIGHT,_T,TDS,2024,38229000,A,A,0
OECD.CFE.TOU:DSD_TOURISM_INTER@DF_INBOUND(1.0),GBR,_Z,NIGHTS_ACCOM,NGHT,_T,_T,TDS,2024,287842000,A,A,0
OECD.CFE.TOU:DSD_TOURISM_INTER@DF_INBOUND(1.0),GBR,_Z,ARRIVALS,PS,SAME_DAY,_Z,TDS,2024,802000,A,A,0
OECD.CFE.TOU:DSD_TOURISM_INTER@DF_INBOUND(1.0),GBR,_Z,ARRIVALS,PS,_T,_Z,TDS,2024,39031000,A,A,0
OECD.CFE.TOU:DSD_TOURISM_INTER@DF_INBOUND(1.0),TUR,_Z,ARRIVALS,PS,OVERNIGHT,_T,TDS,2024,60575773,A,A,0
OECD.CFE.TOU:DSD_TOURISM_INTER@DF_INBOUND(1.0),TUR,_Z,ARRIVALS,PS,OVERNIGHT,_T,TSS,2024,44044950,A,A,0
OECD.CFE.TOU:DSD_TOURISM_INTER@DF_INBOUND(1.0),TUR,_Z,NIGHTS_ACCOM,NGHT,_T,_T,TSS,2024,139599507,A,A,0
OECD.CFE.TOU:DSD_TOURISM_INTER@DF_INBOUND(1.0),TUR,_Z,NIGHTS_ACCOM,NGHT,_T,HOTELS,TSS,2024,139555054,A,A,0
OECD.CFE.TOU:DSD_TOURISM_INTER@DF_INBOUND(1.0),TUR,_Z,NIGHTS_ACCOM,NGHT,_T,_O,TSS,2024,44453,A,A,0
OECD.CFE.TOU:DSD_TOURISM_INTER@DF_INBOUND(1.0),TUR,_Z,ARRIVALS,PS,SAME_DAY,_Z,TDS,2024,1694117,A,A,0
OECD.CFE.TOU:DSD_TOURISM_INTER@DF_INBOUND(1.0),TUR,_Z,ARRIVALS,PS,_T,_Z,TDS,2024,62269890,A,A,0
OECD.CFE.TOU:DSD_TOURISM_INTER@DF_INBOUND(1.0),CHE,_Z,ARRIVALS,PS,OVERNIGHT,_T,TSS,2024,12312662,A,A,0
OECD.CFE.TOU:DSD_TOURISM_INTER@DF_INBOUND(1.0),CHE,_Z,NIGHTS_ACCOM,NGHT,_T,_T,TSS,2024,27762437,A,A,0
OECD.CFE.TOU:DSD_TOURISM_INTER@DF_INBOUND(1.0),CHE,_Z,NIGHTS_ACCOM,NGHT,_T,HOTELS,TSS,2024,25897265,A,A,0
OECD.CFE.TOU:DSD_TOURISM_INTER@DF_INBOUND(1.0),CHE,_Z,NIGHTS_ACCOM,NGHT,_T,_O,TSS,2024,1865172,A,A,0
OECD.CFE.TOU:DSD_TOURISM_INTER@DF_INBOUND(1.0),SWE,_Z,ARRIVALS,PS,OVERNIGHT,_T,TSS,2024,8684886,A,A,0
OECD.CFE.TOU:DSD_TOURISM_INTER@DF_INBOUND(1.0),SWE,_Z,NIGHTS_ACCOM,NGHT,_T,_T,TSS,2024,16807964,A,A,0
OECD.CFE.TOU:DSD_TOURISM_INTER@DF_INBOUND(1.0),SWE,_Z,NIGHTS_ACCOM,NGHT,_T,HOTELS,TSS,2024,10688448,A,A,0
OECD.CFE.TOU:DSD_TOURISM_INTER@DF_INBOUND(1.0),SWE,_Z,NIGHTS_ACCOM,NGHT,_T,_O,TSS,2024,4367247,A,A,0
OECD.CFE.TOU:DSD_TOURISM_INTER@DF_INBOUND(1.0),ESP,_Z,ARRIVALS,PS,OVERNIGHT,_T,TSS,2024,77668551,A,A,0
OECD.CFE.TOU:DSD_TOURISM_INTER@DF_INBOUND(1.0),ESP,_Z,NIGHTS_ACCOM,NGHT,_T,_T,TSS,2024,322230594,A,A,0
OECD.CFE.TOU:DSD_TOURISM_INTER@DF_INBOUND(1.0),ESP,_Z,NIGHTS_ACCOM,NGHT,_T,_T,TDS,2024,677873336,A,A,0
OECD.CFE.TOU:DSD_TOURISM_INTER@DF_INBOUND(1.0),ESP,_Z,NIGHTS_ACCOM,NGHT,_T,HOTELS,TDS,2024,309780690,A,A,0
OECD.CFE.TOU:DSD_TOURISM_INTER@DF_INBOUND(1.0),ESP,_Z,NIGHTS_ACCOM,NGHT,_T,HOTELS,TSS,2024,299536376,A,A,0
OECD.CFE.TOU:DSD_TOURISM_INTER@DF_INBOUND(1.0),ESP,_Z,NIGHTS_ACCOM,NGHT,_T,_O,TSS,2024,22694219,A,A,0
OECD.CFE.TOU:DSD_TOURISM_INTER@DF_INBOUND(1.0),ESP,_Z,NIGHTS_ACCOM,NGHT,_T,_O,TDS,2024,38362044,A,A,0
OECD.CFE.TOU:DSD_TOURISM_INTER@DF_INBOUND(1.0),ESP,_Z,NIGHTS_ACCOM,NGHT,_T,PRIVATE,TDS,2024,329730602,A,A,0
OECD.CFE.TOU:DSD_TOURISM_INTER@DF_INBOUND(1.0),ESP,_Z,ARRIVALS,PS,SAME_DAY,_Z,TDS,2024,43880813,A,A,0
OECD.CFE.TOU:DSD_TOURISM_INTER@DF_INBOUND(1.0),ESP,_Z,ARRIVALS,PS,_T,_Z,TDS,2024,137640110,A,A,0
OECD.CFE.TOU:DSD_TOURISM_INTER@DF_INBOUND(1.0),SVN,_Z,ARRIVALS,PS,OVERNIGHT,_T,TSS,2025,7000000,A,A,0
OECD.CFE.TOU:DSD_TOURISM_INTER@DF_INBOUND(1.0),SVN,_Z,NIGHTS_ACCOM,NGHT,_T,_T,TSS,2025,17800000,A,A,0
OECD.CFE.TOU:DSD_TOURISM_INTER@DF_INBOUND(1.0),SVN,_Z,ARRIVALS,PS,OVERNIGHT,_T,TSS,2024,5053536,A,A,0
OECD.CFE.TOU:DSD_TOURISM_INTER@DF_INBOUND(1.0),SVN,_Z,NIGHTS_ACCOM,NGHT,_T,_T,TSS,2024,12352903,A,A,0
OECD.CFE.TOU:DSD_TOURISM_INTER@DF_INBOUND(1.0),SVN,_Z,NIGHTS_ACCOM,NGHT,_T,HOTELS,TSS,2024,10590143,A,A,0
OECD.CFE.TOU:DSD_TOURISM_INTER@DF_INBOUND(1.0),SVK,_Z,ARRIVALS,PS,OVERNIGHT,_T,TSS,2024,2165345,A,A,0
OECD.CFE.TOU:DSD_TOURISM_INTER@DF_INBOUND(1.0),SVK,_Z,NIGHTS_ACCOM,NGHT,_T,_T,TSS,2024,5091581,A,A,0
OECD.CFE.TOU:DSD_TOURISM_INTER@DF_INBOUND(1.0),SVK,_Z,NIGHTS_ACCOM,NGHT,_T,HOTELS,TSS,2024,4708275,A,A,0
OECD.CFE.TOU:DSD_TOURISM_INTER@DF_INBOUND(1.0),SVK,_Z,NIGHTS_ACCOM,NGHT,_T,_O,TSS,2024,189567,A,A,0
OECD.CFE.TOU:DSD_TOURISM_INTER@DF_INBOUND(1.0),SVK,_Z,NIGHTS_ACCOM,NGHT,_T,PRIVATE,TSS,2024,193739,A,A,0
OECD.CFE.TOU:DSD_TOURISM_INTER@DF_INBOUND(1.0),SVK,_Z,ARRIVALS,PS,_T,_Z,TSS,2024,2165345,A,A,0
OECD.CFE.TOU:DSD_TOURISM_INTER@DF_INBOUND(1.0),PRT,_Z,ARRIVALS,PS,OVERNIGHT,_T,TDS,2024,28969900,A,A,0
OECD.CFE.TOU:DSD_TOURISM_INTER@DF_INBOUND(1.0),PRT,_Z,ARRIVALS,PS,OVERNIGHT,_T,TSS,2024,20486340,A,A,0
OECD.CFE.TOU:DSD_TOURISM_INTER@DF_INBOUND(1.0),PRT,_Z,NIGHTS_ACCOM,NGHT,_T,_T,TSS,2024,59803138,A,A,0
OECD.CFE.TOU:DSD_TOURISM_INTER@DF_INBOUND(1.0),PRT,_Z,NIGHTS_ACCOM,NGHT,_T,HOTELS,TSS,2024,46399000,A,A,0
OECD.CFE.TOU:DSD_TOURISM_INTER@DF_INBOUND(1.0),PRT,_Z,NIGHTS_ACCOM,NGHT,_T,_O,TSS,2024,4757062,A,A,0
OECD.CFE.TOU:DSD_TOURISM_INTER@DF_INBOUND(1.0),PRT,_Z,NIGHTS_ACCOM,NGHT,_T,PRIVATE,TSS,2024,8647076,A,A,0
OECD.CFE.TOU:DSD_TOURISM_INTER@DF_INBOUND(1.0),POL,_Z,ARRIVALS,PS,OVERNIGHT,_T,TSS,2024,7875518,A,A,0
OECD.CFE.TOU:DSD_TOURISM_INTER@DF_INBOUND(1.0),POL,_Z,NIGHTS_ACCOM,NGHT,_T,_T,TSS,2024,18392029,A,A,0
OECD.CFE.TOU:DSD_TOURISM_INTER@DF_INBOUND(1.0),POL,_Z,NIGHTS_ACCOM,NGHT,_T,_T,TDS,2024,128544800,A,A,0
OECD.CFE.TOU:DSD_TOURISM_INTER@DF_INBOUND(1.0),POL,_Z,NIGHTS_ACCOM,NGHT,_T,HOTELS,TDS,2024,44074423,A,A,0
OECD.CFE.TOU:DSD_TOURISM_INTER@DF_INBOUND(1.0),POL,_Z,NIGHTS_ACCOM,NGHT,_T,HOTELS,TSS,2024,18131401,A,A,0
OECD.CFE.TOU:DSD_TOURISM_INTER@DF_INBOUND(1.0),POL,_Z,NIGHTS_ACCOM,NGHT,_T,_O,TSS,2024,260628,A,A,0
OECD.CFE.TOU:DSD_TOURISM_INTER@DF_INBOUND(1.0),POL,_Z,NIGHTS_ACCOM,NGHT,_T,_O,TDS,2024,10310200,A,A,0
OECD.CFE.TOU:DSD_TOURISM_INTER@DF_INBOUND(1.0),POL,_Z,NIGHTS_ACCOM,NGHT,_T,PRIVATE,TDS,2024,74160177,A,A,0
OECD.CFE.TOU:DSD_TOURISM_INTER@DF_INBOUND(1.0),POL,_Z,ARRIVALS,PS,SAME_DAY,_Z,TDS,2024,57182000,A,A,0
OECD.CFE.TOU:DSD_TOURISM_INTER@DF_INBOUND(1.0),POL,_Z,ARRIVALS,PS,_T,_Z,TDS,2024,76905000,A,A,0
OECD.CFE.TOU:DSD_TOURISM_INTER@DF_INBOUND(1.0),NOR,_Z,NIGHTS_ACCOM,NGHT,_T,_O,TSS,2024,2715563,A,A,0
OECD.CFE.TOU:DSD_TOURISM_INTER@DF_INBOUND(1.0),NOR,_Z,NIGHTS_ACCOM,NGHT,_T,_T,TSS,2025,14165842,A,A,0
OECD.CFE.TOU:DSD_TOURISM_INTER@DF_INBOUND(1.0),NOR,_Z,NIGHTS_ACCOM,NGHT,_T,_O,TSS,2025,2960764,A,A,0
OECD.CFE.TOU:DSD_TOURISM_INTER@DF_INBOUND(1.0),NOR,_Z,NIGHTS_ACCOM,NGHT,_T,HOTELS,TSS,2025,11205078,A,A,0
OECD.CFE.TOU:DSD_TOURISM_INTER@DF_INBOUND(1.0),NOR,_Z,ARRIVALS,PS,OVERNIGHT,_T,TSS,2025,7501402,A,A,0
OECD.CFE.TOU:DSD_TOURISM_INTER@DF_INBOUND(1.0),NOR,_Z,ARRIVALS,PS,OVERNIGHT,_T,TSS,2024,6670410,A,A,0
OECD.CFE.TOU:DSD_TOURISM_INTER@DF_INBOUND(1.0),NOR,_Z,NIGHTS_ACCOM,NGHT,_T,_T,TSS,2024,12425429,A,A,0
OECD.CFE.TOU:DSD_TOURISM_INTER@DF_INBOUND(1.0),NZL,_Z,ARRIVALS,PS,OVERNIGHT,_T,TDS,2024,3175839,A,A,0
OECD.CFE.TOU:DSD_TOURISM_INTER@DF_INBOUND(1.0),NZL,_Z,NIGHTS_ACCOM,NGHT,_T,_T,TSS,2024,13360400,A,A,0
OECD.CFE.TOU:DSD_TOURISM_INTER@DF_INBOUND(1.0),NZL,_Z,NIGHTS_ACCOM,NGHT,_T,HOTELS,TSS,2024,10552200,A,A,0
OECD.CFE.TOU:DSD_TOURISM_INTER@DF_INBOUND(1.0),NZL,_Z,NIGHTS_ACCOM,NGHT,_T,_O,TSS,2024,2808200,A,A,0
OECD.CFE.TOU:DSD_TOURISM_INTER@DF_INBOUND(1.0),NZL,_Z,ARRIVALS,PS,SAME_DAY,_Z,TDS,2024,137963,A,A,0
OECD.CFE.TOU:DSD_TOURISM_INTER@DF_INBOUND(1.0),NLD,_Z,ARRIVALS,PS,OVERNIGHT,_T,TSS,2024,21277000,A,A,0
OECD.CFE.TOU:DSD_TOURISM_INTER@DF_INBOUND(1.0),NLD,_Z,NIGHTS_ACCOM,NGHT,_T,_T,TSS,2024,61572000,A,A,0
OECD.CFE.TOU:DSD_TOURISM_INTER@DF_INBOUND(1.0),NLD,_Z,NIGHTS_ACCOM,NGHT,_T,HOTELS,TSS,2024,53779000,A,A,0
OECD.CFE.TOU:DSD_TOURISM_INTER@DF_INBOUND(1.0),NLD,_Z,NIGHTS_ACCOM,NGHT,_T,_O,TSS,2024,7793000,A,A,0
OECD.CFE.TOU:DSD_TOURISM_INTER@DF_INBOUND(1.0),MEX,_Z,ARRIVALS,PS,OVERNIGHT,_T,TDS,2024,45038754,A,A,0
OECD.CFE.TOU:DSD_TOURISM_INTER@DF_INBOUND(1.0),MEX,_Z,ARRIVALS,PS,SAME_DAY,_Z,TDS,2024,41373730,A,A,0
OECD.CFE.TOU:DSD_TOURISM_INTER@DF_INBOUND(1.0),MEX,_Z,ARRIVALS,PS,_T,_Z,TDS,2024,86412484,A,A,0
OECD.CFE.TOU:DSD_TOURISM_INTER@DF_INBOUND(1.0),LUX,_Z,ARRIVALS,PS,OVERNIGHT,_T,TSS,2024,1364853,A,A,0
OECD.CFE.TOU:DSD_TOURISM_INTER@DF_INBOUND(1.0),LUX,_Z,NIGHTS_ACCOM,NGHT,_T,_T,TSS,2024,3225517,A,A,0
OECD.CFE.TOU:DSD_TOURISM_INTER@DF_INBOUND(1.0),LUX,_Z,NIGHTS_ACCOM,NGHT,_T,HOTELS,TSS,2024,1951322,A,A,0
OECD.CFE.TOU:DSD_TOURISM_INTER@DF_INBOUND(1.0),LUX,_Z,NIGHTS_ACCOM,NGHT,_T,_O,TSS,2024,1274195,A,A,0
OECD.CFE.TOU:DSD_TOURISM_INTER@DF_INBOUND(1.0),LTU,_Z,ARRIVALS,PS,OVERNIGHT,_T,TDS,2024,2383300,A,A,0
OECD.CFE.TOU:DSD_TOURISM_INTER@DF_INBOUND(1.0),LTU,_Z,ARRIVALS,PS,OVERNIGHT,_T,TSS,2024,1449052,A,A,0
OECD.CFE.TOU:DSD_TOURISM_INTER@DF_INBOUND(1.0),LTU,_Z,NIGHTS_ACCOM,NGHT,_T,_T,TSS,2024,3102171,A,A,0
OECD.CFE.TOU:DSD_TOURISM_INTER@DF_INBOUND(1.0),LTU,_Z,NIGHTS_ACCOM,NGHT,_T,HOTELS,TSS,2024,3066231,A,A,0
OECD.CFE.TOU:DSD_TOURISM_INTER@DF_INBOUND(1.0),LTU,_Z,NIGHTS_ACCOM,NGHT,_T,_O,TSS,2024,35940,A,A,0
OECD.CFE.TOU:DSD_TOURISM_INTER@DF_INBOUND(1.0),LTU,_Z,NIGHTS_ACCOM,NGHT,_T,PRIVATE,TSS,2024,,A,A,0
OECD.CFE.TOU:DSD_TOURISM_INTER@DF_INBOUND(1.0),LTU,_Z,NIGHTS_ACCOM,NGHT,_T,PRIVATE,TDS,2024,,A,A,0
OECD.CFE.TOU:DSD_TOURISM_INTER@DF_INBOUND(1.0),LTU,_Z,NIGHTS_ACCOM,NGHT,_T,_O,TDS,2024,,A,A,0
OECD.CFE.TOU:DSD_TOURISM_INTER@DF_INBOUND(1.0),LTU,_Z,NIGHTS_ACCOM,NGHT,_T,HOTELS,TDS,2024,,A,A,0
OECD.CFE.TOU:DSD_TOURISM_INTER@DF_INBOUND(1.0),LTU,_Z,NIGHTS_ACCOM,NGHT,_T,_T,TDS,2024,,A,A,0
OECD.CFE.TOU:DSD_TOURISM_INTER@DF_INBOUND(1.0),LTU,_Z,ARRIVALS,PS,_T,_Z,TSS,2024,,A,A,0
OECD.CFE.TOU:DSD_TOURISM_INTER@DF_INBOUND(1.0),LTU,_Z,ARRIVALS,PS,SAME_DAY,_Z,TSS,2024,,A,A,0
OECD.CFE.TOU:DSD_TOURISM_INTER@DF_INBOUND(1.0),LTU,_Z,ARRIVALS,PS,SAME_DAY,_Z,TDS,2024,2651200,A,A,0
OECD.CFE.TOU:DSD_TOURISM_INTER@DF_INBOUND(1.0),LTU,_Z,ARRIVALS,PS,_T,_Z,TDS,2024,5034500,A,A,0
OECD.CFE.TOU:DSD_TOURISM_INTER@DF_INBOUND(1.0),LVA,_Z,ARRIVALS,PS,OVERNIGHT,_T,TSS,2024,1587158,A,A,0
OECD.CFE.TOU:DSD_TOURISM_INTER@DF_INBOUND(1.0),LVA,_Z,NIGHTS_ACCOM,NGHT,_T,_T,TSS,2024,2841253,A,A,0
OECD.CFE.TOU:DSD_TOURISM_INTER@DF_INBOUND(1.0),LVA,_Z,NIGHTS_ACCOM,NGHT,_T,HOTELS,TSS,2024,2762505,A,A,0
OECD.CFE.TOU:DSD_TOURISM_INTER@DF_INBOUND(1.0),LVA,_Z,NIGHTS_ACCOM,NGHT,_T,_O,TSS,2024,78748,A,A,0
OECD.CFE.TOU:DSD_TOURISM_INTER@DF_INBOUND(1.0),KOR,_Z,NIGHTS_ACCOM,NGHT,_T,_T,TDS,2024,110489933,A,A,0
OECD.CFE.TOU:DSD_TOURISM_INTER@DF_INBOUND(1.0),KOR,_Z,NIGHTS_ACCOM,NGHT,_T,HOTELS,TDS,2024,100035262,A,A,0
OECD.CFE.TOU:DSD_TOURISM_INTER@DF_INBOUND(1.0),KOR,_Z,ARRIVALS,PS,_T,_Z,TDS,2024,16369629,A,A,0
OECD.CFE.TOU:DSD_TOURISM_INTER@DF_INBOUND(1.0),JPN,_Z,NIGHTS_ACCOM,NGHT,_T,_O,TSS,2024,111720,A,A,0
OECD.CFE.TOU:DSD_TOURISM_INTER@DF_INBOUND(1.0),JPN,_Z,ARRIVALS,PS,OVERNIGHT,_T,TDS,2024,,A,A,0
OECD.CFE.TOU:DSD_TOURISM_INTER@DF_INBOUND(1.0),JPN,_Z,ARRIVALS,PS,SAME_DAY,_Z,TDS,2024,,A,A,0
OECD.CFE.TOU:DSD_TOURISM_INTER@DF_INBOUND(1.0),JPN,_Z,ARRIVALS,PS,_T,_Z,TDS,2024,36870148,A,A,0
OECD.CFE.TOU:DSD_TOURISM_INTER@DF_INBOUND(1.0),JPN,_Z,NIGHTS_ACCOM,NGHT,_T,_T,TSS,2024,164462600,A,A,0
OECD.CFE.TOU:DSD_TOURISM_INTER@DF_INBOUND(1.0),ITA,_Z,ARRIVALS,PS,OVERNIGHT,_T,TDS,2024,57725148,A,A,0
OECD.CFE.TOU:DSD_TOURISM_INTER@DF_INBOUND(1.0),ITA,_Z,ARRIVALS,PS,OVERNIGHT,_T,TSS,2024,73951291,A,A,0
OECD.CFE.TOU:DSD_TOURISM_INTER@DF_INBOUND(1.0),ITA,_Z,NIGHTS_ACCOM,NGHT,_T,_T,TSS,2024,253948443,A,A,0
OECD.CFE.TOU:DSD_TOURISM_INTER@DF_INBOUND(1.0),ITA,_Z,NIGHTS_ACCOM,NGHT,_T,_T,TDS,2024,381282392,A,A,0
OECD.CFE.TOU:DSD_TOURISM_INTER@DF_INBOUND(1.0),ITA,_Z,NIGHTS_ACCOM,NGHT,_T,HOTELS,TDS,2024,131854111,A,A,0
OECD.CFE.TOU:DSD_TOURISM_INTER@DF_INBOUND(1.0),ITA,_Z,NIGHTS_ACCOM,NGHT,_T,HOTELS,TSS,2024,223345100,A,A,0
OECD.CFE.TOU:DSD_TOURISM_INTER@DF_INBOUND(1.0),ZAF,_Z,ARRIVALS,PS,_T,_Z,TDS,2024,11422000,A,A,0
OECD.CFE.TOU:DSD_TOURISM_INTER@DF_INBOUND(1.0),SRB,_Z,ARRIVALS,PS,SAME_DAY,_Z,TSS,2024,,A,A,0
OECD.CFE.TOU:DSD_TOURISM_INTER@DF_INBOUND(1.0),IDN,_Z,ARRIVALS,PS,OVERNIGHT,_T,TDS,2024,13603000,A,A,0
OECD.CFE.TOU:DSD_TOURISM_INTER@DF_INBOUND(1.0),USA,_Z,NIGHTS_ACCOM,NGHT,_T,_O,TDS,2024,22693026,A,A,0
OECD.CFE.TOU:DSD_TOURISM_INTER@DF_INBOUND(1.0),SWE,_Z,NIGHTS_ACCOM,NGHT,_T,PRIVATE,TSS,2024,1752269,A,A,0
OECD.CFE.TOU:DSD_TOURISM_INTER@DF_INBOUND(1.0),ESP,_Z,ARRIVALS,PS,OVERNIGHT,_T,TDS,2024,93759297,A,A,0
OECD.CFE.TOU:DSD_TOURISM_INTER@DF_INBOUND(1.0),SVN,_Z,NIGHTS_ACCOM,NGHT,_T,_O,TSS,2024,1762760,A,A,0
OECD.CFE.TOU:DSD_TOURISM_INTER@DF_INBOUND(1.0),POL,_Z,ARRIVALS,PS,OVERNIGHT,_T,TDS,2024,19723000,A,A,0
OECD.CFE.TOU:DSD_TOURISM_INTER@DF_INBOUND(1.0),NOR,_Z,NIGHTS_ACCOM,NGHT,_T,HOTELS,TSS,2024,9709866,A,A,0
OECD.CFE.TOU:DSD_TOURISM_INTER@DF_INBOUND(1.0),NZL,_Z,ARRIVALS,PS,_T,_Z,TDS,2024,3313802,A,A,0
OECD.CFE.TOU:DSD_TOURISM_INTER@DF_INBOUND(1.0),JPN,_Z,NIGHTS_ACCOM,NGHT,_T,HOTELS,TSS,2024,164350880,A,A,0
OECD.CFE.TOU:DSD_TOURISM_INTER@DF_INBOUND(1.0),IRL,_Z,ARRIVALS,PS,OVERNIGHT,_T,TSS,2024,4203374,A,A,0
OECD.CFE.TOU:DSD_TOURISM_INTER@DF_INBOUND(1.0),ISL,_Z,ARRIVALS,PS,_T,_Z,TDS,2024,3330282,A,A,0
OECD.CFE.TOU:DSD_TOURISM_INTER@DF_INBOUND(1.0),DEU,_Z,NIGHTS_ACCOM,NGHT,_T,HOTELS,TSS,2024,80241606,A,A,0
OECD.CFE.TOU:DSD_TOURISM_INTER@DF_INBOUND(1.0),FIN,_Z,ARRIVALS,PS,OVERNIGHT,_T,TDS,2024,4475000,A,A,0
OECD.CFE.TOU:DSD_TOURISM_INTER@DF_INBOUND(1.0),DNK,_Z,NIGHTS_ACCOM,NGHT,_T,_T,TSS,2024,34263442,A,A,0
OECD.CFE.TOU:DSD_TOURISM_INTER@DF_INBOUND(1.0),CAN,_Z,NIGHTS_ACCOM,NGHT,_T,HOTELS,TDS,2024,21052000,A,A,0
OECD.CFE.TOU:DSD_TOURISM_INTER@DF_INBOUND(1.0),AUS,_Z,NIGHTS_ACCOM,NGHT,_T,_O,TDS,2024,142994000,A,A,0
OECD.CFE.TOU:DSD_TOURISM_INTER@DF_INBOUND(1.0),THA,_Z,ARRIVALS,PS,OVERNIGHT,_T,TDS,2024,35545714,A,A,0
OECD.CFE.TOU:DSD_TOURISM_INTER@DF_INBOUND(1.0),THA,_Z,ARRIVALS,PS,_T,_Z,TDS,2024,,A,A,0
OECD.CFE.TOU:DSD_TOURISM_INTER@DF_INBOUND(1.0),THA,_Z,ARRIVALS,PS,_T,_Z,TSS,2024,,A,A,0
OECD.CFE.TOU:DSD_TOURISM_INTER@DF_INBOUND(1.0),THA,_Z,ARRIVALS,PS,SAME_DAY,_Z,TDS,2024,,A,A,0
OECD.CFE.TOU:DSD_TOURISM_INTER@DF_INBOUND(1.0),THA,_Z,ARRIVALS,PS,SAME_DAY,_Z,TSS,2024,,A,A,0
OECD.CFE.TOU:DSD_TOURISM_INTER@DF_INBOUND(1.0),THA,_Z,ARRIVALS,PS,OVERNIGHT,_T,TSS,2024,,A,A,0
OECD.CFE.TOU:DSD_TOURISM_INTER@DF_INBOUND(1.0),THA,_Z,NIGHTS_ACCOM,NGHT,_T,PRIVATE,TDS,2024,,A,A,0
OECD.CFE.TOU:DSD_TOURISM_INTER@DF_INBOUND(1.0),THA,_Z,NIGHTS_ACCOM,NGHT,_T,PRIVATE,TSS,2024,,A,A,0
OECD.CFE.TOU:DSD_TOURISM_INTER@DF_INBOUND(1.0),THA,_Z,NIGHTS_ACCOM,NGHT,_T,HOTELS,TDS,2024,,A,A,0
OECD.CFE.TOU:DSD_TOURISM_INTER@DF_INBOUND(1.0),THA,_Z,NIGHTS_ACCOM,NGHT,_T,_O,TDS,2024,,A,A,0
OECD.CFE.TOU:DSD_TOURISM_INTER@DF_INBOUND(1.0),THA,_Z,NIGHTS_ACCOM,NGHT,_T,_O,TSS,2024,,A,A,0
OECD.CFE.TOU:DSD_TOURISM_INTER@DF_INBOUND(1.0),THA,_Z,NIGHTS_ACCOM,NGHT,_T,_T,TSS,2024,,A,A,0
OECD.CFE.TOU:DSD_TOURISM_INTER@DF_INBOUND(1.0),THA,_Z,NIGHTS_ACCOM,NGHT,_T,HOTELS,TSS,2024,,A,A,0
OECD.CFE.TOU:DSD_TOURISM_INTER@DF_INBOUND(1.0),ZAF,_Z,ARRIVALS,PS,OVERNIGHT,_T,TDS,2024,8919000,A,A,0
OECD.CFE.TOU:DSD_TOURISM_INTER@DF_INBOUND(1.0),ZAF,_Z,NIGHTS_ACCOM,NGHT,_T,HOTELS,TSS,2024,12302000,A,A,0
OECD.CFE.TOU:DSD_TOURISM_INTER@DF_INBOUND(1.0),ZAF,_Z,NIGHTS_ACCOM,NGHT,_T,_O,TSS,2024,6819300,A,A,0
OECD.CFE.TOU:DSD_TOURISM_INTER@DF_INBOUND(1.0),ZAF,_Z,ARRIVALS,PS,SAME_DAY,_Z,TDS,2024,2503000,A,A,0
OECD.CFE.TOU:DSD_TOURISM_INTER@DF_INBOUND(1.0),SRB,_Z,ARRIVALS,PS,_T,_Z,TSS,2024,2384735,A,A,0
OECD.CFE.TOU:DSD_TOURISM_INTER@DF_INBOUND(1.0),SRB,_Z,ARRIVALS,PS,OVERNIGHT,_T,TSS,2024,2384735,A,A,0
OECD.CFE.TOU:DSD_TOURISM_INTER@DF_INBOUND(1.0),SRB,_Z,NIGHTS_ACCOM,NGHT,_T,_T,TSS,2024,6097749,A,A,0
OECD.CFE.TOU:DSD_TOURISM_INTER@DF_INBOUND(1.0),SRB,_Z,NIGHTS_ACCOM,NGHT,_T,HOTELS,TSS,2024,4649821,A,A,0
OECD.CFE.TOU:DSD_TOURISM_INTER@DF_INBOUND(1.0),SRB,_Z,NIGHTS_ACCOM,NGHT,_T,_O,TSS,2024,21047,A,A,0
OECD.CFE.TOU:DSD_TOURISM_INTER@DF_INBOUND(1.0),SRB,_Z,NIGHTS_ACCOM,NGHT,_T,PRIVATE,TSS,2024,1426881,A,A,0
OECD.CFE.TOU:DSD_TOURISM_INTER@DF_INBOUND(1.0),SAU,_Z,NIGHTS_ACCOM,NGHT,_T,_O,TDS,2025,13083205,P,A,0
OECD.CFE.TOU:DSD_TOURISM_INTER@DF_INBOUND(1.0),SAU,_Z,NIGHTS_ACCOM,NGHT,_T,PRIVATE,TDS,2025,141214986,P,A,0
OECD.CFE.TOU:DSD_TOURISM_INTER@DF_INBOUND(1.0),SAU,_Z,ARRIVALS,PS,OVERNIGHT,_T,TDS,2025,29254786,P,A,0
OECD.CFE.TOU:DSD_TOURISM_INTER@DF_INBOUND(1.0),SAU,_Z,NIGHTS_ACCOM,NGHT,_T,_T,TDS,2025,513193640,P,A,0
OECD.CFE.TOU:DSD_TOURISM_INTER@DF_INBOUND(1.0),SAU,_Z,NIGHTS_ACCOM,NGHT,_T,HOTELS,TDS,2025,358895449,P,A,0
OECD.CFE.TOU:DSD_TOURISM_INTER@DF_INBOUND(1.0),SAU,_Z,ARRIVALS,PS,_T,_Z,TDS,2025,34942501,P,A,0
OECD.CFE.TOU:DSD_TOURISM_INTER@DF_INBOUND(1.0),SAU,_Z,ARRIVALS,PS,SAME_DAY,_Z,TDS,2025,5687715,P,A,0
OECD.CFE.TOU:DSD_TOURISM_INTER@DF_INBOUND(1.0),SAU,_Z,ARRIVALS,PS,SAME_DAY,_Z,TDS,2024,3751653,A,A,0
OECD.CFE.TOU:DSD_TOURISM_INTER@DF_INBOUND(1.0),SAU,_Z,ARRIVALS,PS,_T,_Z,TDS,2024,33479096,A,A,0
OECD.CFE.TOU:DSD_TOURISM_INTER@DF_INBOUND(1.0),SAU,_Z,ARRIVALS,PS,OVERNIGHT,_T,TDS,2024,29727443,A,A,0
OECD.CFE.TOU:DSD_TOURISM_INTER@DF_INBOUND(1.0),SAU,_Z,NIGHTS_ACCOM,NGHT,_T,_T,TDS,2024,560227192,A,A,0
OECD.CFE.TOU:DSD_TOURISM_INTER@DF_INBOUND(1.0),SAU,_Z,NIGHTS_ACCOM,NGHT,_T,HOTELS,TDS,2024,374838218,A,A,0
OECD.CFE.TOU:DSD_TOURISM_INTER@DF_INBOUND(1.0),SAU,_Z,NIGHTS_ACCOM,NGHT,_T,_O,TDS,2024,15147221,A,A,0
OECD.CFE.TOU:DSD_TOURISM_INTER@DF_INBOUND(1.0),SAU,_Z,NIGHTS_ACCOM,NGHT,_T,PRIVATE,TDS,2024,170241753,A,A,0
OECD.CFE.TOU:DSD_TOURISM_INTER@DF_INBOUND(1.0),ROU,_Z,ARRIVALS,PS,OVERNIGHT,_T,TSS,2024,2412810,A,A,0
OECD.CFE.TOU:DSD_TOURISM_INTER@DF_INBOUND(1.0),ROU,_Z,NIGHTS_ACCOM,NGHT,_T,_T,TSS,2024,4504676,A,A,0
OECD.CFE.TOU:DSD_TOURISM_INTER@DF_INBOUND(1.0),ROU,_Z,NIGHTS_ACCOM,NGHT,_T,HOTELS,TSS,2024,4486858,A,A,0
OECD.CFE.TOU:DSD_TOURISM_INTER@DF_INBOUND(1.0),ROU,_Z,NIGHTS_ACCOM,NGHT,_T,_O,TSS,2024,17818,A,A,0
OECD.CFE.TOU:DSD_TOURISM_INTER@DF_INBOUND(1.0),ROU,_Z,ARRIVALS,PS,_T,_Z,TDS,2024,13352940,B,A,0
OECD.CFE.TOU:DSD_TOURISM_INTER@DF_INBOUND(1.0),ROU,_Z,ARRIVALS,PS,_T,_Z,TSS,2024,2412810,A,A,0
OECD.CFE.TOU:DSD_TOURISM_INTER@DF_INBOUND(1.0),PER,_Z,ARRIVALS,PS,OVERNIGHT,_T,TDS,2024,3256693,A,A,0
OECD.CFE.TOU:DSD_TOURISM_INTER@DF_INBOUND(1.0),PER,_Z,NIGHTS_ACCOM,NGHT,_T,HOTELS,TSS,2024,12157913,A,A,0
OECD.CFE.TOU:DSD_TOURISM_INTER@DF_INBOUND(1.0),PER,_Z,ARRIVALS,PS,SAME_DAY,_Z,TDS,2024,736945,A,A,0
OECD.CFE.TOU:DSD_TOURISM_INTER@DF_INBOUND(1.0),PER,_Z,ARRIVALS,PS,_T,_Z,TDS,2024,3993638,A,A,0
OECD.CFE.TOU:DSD_TOURISM_INTER@DF_INBOUND(1.0),ARG,USA_CAN,TOP_MKT,PS,OVERNIGHT,_T,TDS,2025,562221,A,A,0
OECD.CFE.TOU:DSD_TOURISM_INTER@DF_INBOUND(1.0),IRL,USA_CAN,TOP_MKT,PS,OVERNIGHT,_T,TDS,2024,1438300,A,A,0
OECD.CFE.TOU:DSD_TOURISM_INTER@DF_INBOUND(1.0),CAN,AUS,TOP_MKT,PS,OVERNIGHT,_T,TDS,2024,168855,A,A,0
OECD.CFE.TOU:DSD_TOURISM_INTER@DF_INBOUND(1.0),ITA,AUT,TOP_MKT,PS,OVERNIGHT,_T,TDS,2024,2788878,A,A,0
OECD.CFE.TOU:DSD_TOURISM_INTER@DF_INBOUND(1.0),NLD,BEL,TOP_MKT,PS,OVERNIGHT,_T,TSS,2024,2658000,A,A,0
OECD.CFE.TOU:DSD_TOURISM_INTER@DF_INBOUND(1.0),USA,CAN,TOP_MKT,PS,OVERNIGHT,_T,TDS,2024,20241121,A,A,0
OECD.CFE.TOU:DSD_TOURISM_INTER@DF_INBOUND(1.0),PER,CHL,TOP_MKT,PS,OVERNIGHT,_T,TDS,2024,700029,A,A,0
OECD.CFE.TOU:DSD_TOURISM_INTER@DF_INBOUND(1.0),PER,COL,TOP_MKT,PS,OVERNIGHT,_T,TDS,2024,170347,A,A,0
OECD.CFE.TOU:DSD_TOURISM_INTER@DF_INBOUND(1.0),POL,CZE,TOP_MKT,PS,OVERNIGHT,_T,TSS,2024,410221,A,A,0
OECD.CFE.TOU:DSD_TOURISM_INTER@DF_INBOUND(1.0),NOR,DNK,TOP_MKT,PS,OVERNIGHT,_T,TSS,2024,402103,E,A,0
OECD.CFE.TOU:DSD_TOURISM_INTER@DF_INBOUND(1.0),LTU,EST,TOP_MKT,PS,OVERNIGHT,_T,TDS,2024,156100,A,A,0
OECD.CFE.TOU:DSD_TOURISM_INTER@DF_INBOUND(1.0),LVA,FIN,TOP_MKT,PS,OVERNIGHT,_T,TSS,2024,112326,A,A,0
OECD.CFE.TOU:DSD_TOURISM_INTER@DF_INBOUND(1.0),NLD,FRA,TOP_MKT,PS,OVERNIGHT,_T,TSS,2024,1068000,A,A,0
OECD.CFE.TOU:DSD_TOURISM_INTER@DF_INBOUND(1.0),ESP,DEU,TOP_MKT,PS,OVERNIGHT,_T,TSS,2024,7656443,A,A,0
OECD.CFE.TOU:DSD_TOURISM_INTER@DF_INBOUND(1.0),SVK,HUN,TOP_MKT,PS,OVERNIGHT,_T,TSS,2024,125916,A,A,0
OECD.CFE.TOU:DSD_TOURISM_INTER@DF_INBOUND(1.0),GBR,IRL,TOP_MKT,PS,OVERNIGHT,_T,TDS,2024,2938000,A,A,0
OECD.CFE.TOU:DSD_TOURISM_INTER@DF_INBOUND(1.0),ROU,ISR,TOP_MKT,PS,OVERNIGHT,_T,TSS,2024,153592,A,A,0
OECD.CFE.TOU:DSD_TOURISM_INTER@DF_INBOUND(1.0),CHE,ITA,TOP_MKT,PS,OVERNIGHT,_T,TSS,2024,524980,A,A,0
OECD.CFE.TOU:DSD_TOURISM_INTER@DF_INBOUND(1.0),NZL,JPN,TOP_MKT,PS,OVERNIGHT,_T,TDS,2024,68260,A,A,0
OECD.CFE.TOU:DSD_TOURISM_INTER@DF_INBOUND(1.0),JPN,KOR,TOP_MKT,PS,OVERNIGHT,_T,TDS,2024,8817765,A,A,0
OECD.CFE.TOU:DSD_TOURISM_INTER@DF_INBOUND(1.0),LTU,LVA,TOP_MKT,PS,OVERNIGHT,_T,TDS,2024,412800,A,A,0
OECD.CFE.TOU:DSD_TOURISM_INTER@DF_INBOUND(1.0),LVA,LTU,TOP_MKT,PS,OVERNIGHT,_T,TSS,2024,280749,A,A,0
OECD.CFE.TOU:DSD_TOURISM_INTER@DF_INBOUND(1.0),USA,MEX,TOP_MKT,PS,OVERNIGHT,_T,TDS,2024,16989951,A,A,0
OECD.CFE.TOU:DSD_TOURISM_INTER@DF_INBOUND(1.0),SVN,NLD,TOP_MKT,PS,OVERNIGHT,_T,TSS,2024,210709,A,A,0
OECD.CFE.TOU:DSD_TOURISM_INTER@DF_INBOUND(1.0),AUS,NZL,TOP_MKT,PS,OVERNIGHT,_T,TDS,2024,1392959,A,A,0
OECD.CFE.TOU:DSD_TOURISM_INTER@DF_INBOUND(1.0),DNK,NOR,TOP_MKT,PS,OVERNIGHT,_T,TDS,2024,1259974,A,A,0
OECD.CFE.TOU:DSD_TOURISM_INTER@DF_INBOUND(1.0),ROU,POL,TOP_MKT,PS,OVERNIGHT,_T,TDS,2024,247683,B,A,0
OECD.CFE.TOU:DSD_TOURISM_INTER@DF_INBOUND(1.0),CZE,SVK,TOP_MKT,PS,OVERNIGHT,_T,TSS,2024,896999,A,A,0
OECD.CFE.TOU:DSD_TOURISM_INTER@DF_INBOUND(1.0),HRV,SVN,TOP_MKT,PS,OVERNIGHT,_T,TSS,2024,1570749,A,A,0
OECD.CFE.TOU:DSD_TOURISM_INTER@DF_INBOUND(1.0),BE1,ESP,TOP_MKT,PS,OVERNIGHT,_T,TSS,2024,177637,A,A,0
OECD.CFE.TOU:DSD_TOURISM_INTER@DF_INBOUND(1.0),FIN,SWE,TOP_MKT,PS,OVERNIGHT,_T,TSS,2024,275144,A,A,0
OECD.CFE.TOU:DSD_TOURISM_INTER@DF_INBOUND(1.0),ITA,CHE,TOP_MKT,PS,OVERNIGHT,_T,TDS,2024,1830034,A,A,0
OECD.CFE.TOU:DSD_TOURISM_INTER@DF_INBOUND(1.0),SRB,TUR,TOP_MKT,PS,OVERNIGHT,_T,TSS,2024,232527,A,A,0
OECD.CFE.TOU:DSD_TOURISM_INTER@DF_INBOUND(1.0),PRT,GBR,TOP_MKT,PS,OVERNIGHT,_T,TSS,2024,2539431,A,A,0
OECD.CFE.TOU:DSD_TOURISM_INTER@DF_INBOUND(1.0),SAU,USA,TOP_MKT,PS,OVERNIGHT,_T,TDS,2024,,A,A,0
OECD.CFE.TOU:DSD_TOURISM_INTER@DF_INBOUND(1.0),PER,ARG,TOP_MKT,PS,OVERNIGHT,_T,TDS,2024,120287,A,A,0
OECD.CFE.TOU:DSD_TOURISM_INTER@DF_INBOUND(1.0),SAU,BHR,TOP_MKT,PS,OVERNIGHT,_T,TDS,2025,,A,A,0
OECD.CFE.TOU:DSD_TOURISM_INTER@DF_INBOUND(1.0),POL,BLR,TOP_MKT,PS,OVERNIGHT,_T,TDS,2024,661000,A,A,0
OECD.CFE.TOU:DSD_TOURISM_INTER@DF_INBOUND(1.0),PER,BOL,TOP_MKT,PS,OVERNIGHT,_T,TDS,2024,188791,A,A,0
OECD.CFE.TOU:DSD_TOURISM_INTER@DF_INBOUND(1.0),SRB,BIH,TOP_MKT,PS,OVERNIGHT,_T,TSS,2024,167983,A,A,0
OECD.CFE.TOU:DSD_TOURISM_INTER@DF_INBOUND(1.0),ZAF,BWA,TOP_MKT,PS,OVERNIGHT,_T,TDS,2024,396000,A,A,0
OECD.CFE.TOU:DSD_TOURISM_INTER@DF_INBOUND(1.0),PER,BRA,TOP_MKT,PS,OVERNIGHT,_T,TDS,2024,184725,A,A,0
OECD.CFE.TOU:DSD_TOURISM_INTER@DF_INBOUND(1.0),TUR,BGR,TOP_MKT,PS,OVERNIGHT,_T,TDS,2024,2909396,A,A,0
OECD.CFE.TOU:DSD_TOURISM_INTER@DF_INBOUND(1.0),KOR,CHN,TOP_MKT,PS,OVERNIGHT,_T,TDS,2024,4603273,A,A,0
OECD.CFE.TOU:DSD_TOURISM_INTER@DF_INBOUND(1.0),SRB,HRV,TOP_MKT,PS,OVERNIGHT,_T,TSS,2024,120637,A,A,0
OECD.CFE.TOU:DSD_TOURISM_INTER@DF_INBOUND(1.0),PER,ECU,TOP_MKT,PS,OVERNIGHT,_T,TDS,2024,291472,A,A,0
OECD.CFE.TOU:DSD_TOURISM_INTER@DF_INBOUND(1.0),SAU,EGY,TOP_MKT,PS,OVERNIGHT,_T,TDS,2024,3188308,A,A,0
OECD.CFE.TOU:DSD_TOURISM_INTER@DF_INBOUND(1.0),ZAF,SWZ,TOP_MKT,PS,OVERNIGHT,_T,TDS,2024,842000,A,A,0
OECD.CFE.TOU:DSD_TOURISM_INTER@DF_INBOUND(1.0),TUR,GEO,TOP_MKT,PS,OVERNIGHT,_T,TDS,2024,1465203,A,A,0
OECD.CFE.TOU:DSD_TOURISM_INTER@DF_INBOUND(1.0),KOR,HKG,TOP_MKT,PS,OVERNIGHT,_T,TDS,2024,571418,A,A,0
OECD.CFE.TOU:DSD_TOURISM_INTER@DF_INBOUND(1.0),AUS,IND,TOP_MKT,PS,OVERNIGHT,_T,TDS,2024,443452,A,A,0
OECD.CFE.TOU:DSD_TOURISM_INTER@DF_INBOUND(1.0),SAU,IDN,TOP_MKT,PS,OVERNIGHT,_T,TDS,2025,2020524,P,A,0
OECD.CFE.TOU:DSD_TOURISM_INTER@DF_INBOUND(1.0),TUR,IRN,TOP_MKT,PS,OVERNIGHT,_T,TSS,2024,1114217,A,A,0
OECD.CFE.TOU:DSD_TOURISM_INTER@DF_INBOUND(1.0),SAU,KWT,TOP_MKT,PS,OVERNIGHT,_T,TDS,2025,1836573,P,A,0
OECD.CFE.TOU:DSD_TOURISM_INTER@DF_INBOUND(1.0),ZAF,LSO,TOP_MKT,PS,OVERNIGHT,_T,TDS,2024,974000,A,A,0
OECD.CFE.TOU:DSD_TOURISM_INTER@DF_INBOUND(1.0),THA,MYS,TOP_MKT,PS,OVERNIGHT,_T,TDS,2024,4952078,A,A,0
OECD.CFE.TOU:DSD_TOURISM_INTER@DF_INBOUND(1.0),ROU,MDA,TOP_MKT,PS,OVERNIGHT,_T,TDS,2024,2655656,B,A,0
OECD.CFE.TOU:DSD_TOURISM_INTER@DF_INBOUND(1.0),SRB,MNE,TOP_MKT,PS,OVERNIGHT,_T,TSS,2024,104543,A,A,0
OECD.CFE.TOU:DSD_TOURISM_INTER@DF_INBOUND(1.0),ZAF,MOZ,TOP_MKT,PS,OVERNIGHT,_T,TDS,2024,1592000,A,A,0
OECD.CFE.TOU:DSD_TOURISM_INTER@DF_INBOUND(1.0),JPN,NPL,TOP_MKT,PS,OVERNIGHT,_T,TDS,2024,111568,A,A,0
OECD.CFE.TOU:DSD_TOURISM_INTER@DF_INBOUND(1.0),GRC,MKD,TOP_MKT,PS,OVERNIGHT,_T,TDS,2024,1588035,A,A,0
OECD.CFE.TOU:DSD_TOURISM_INTER@DF_INBOUND(1.0),SAU,PAK,TOP_MKT,PS,OVERNIGHT,_T,TDS,2025,2805110,P,A,0
OECD.CFE.TOU:DSD_TOURISM_INTER@DF_INBOUND(1.0),BRA,PRY,TOP_MKT,PS,OVERNIGHT,_T,TDS,2024,465020,A,A,0
OECD.CFE.TOU:DSD_TOURISM_INTER@DF_INBOUND(1.0),COL,PER,TOP_MKT,PS,OVERNIGHT,_T,TDS,2024,212085,P,A,0
OECD.CFE.TOU:DSD_TOURISM_INTER@DF_INBOUND(1.0),SAU,QAT,TOP_MKT,PS,OVERNIGHT,_T,TDS,2025,,A,A,0
OECD.CFE.TOU:DSD_TOURISM_INTER@DF_INBOUND(1.0),BGR,ROU,TOP_MKT,PS,OVERNIGHT,_T,TSS,2024,906966,A,A,0
OECD.CFE.TOU:DSD_TOURISM_INTER@DF_INBOUND(1.0),ISR,RUS,TOP_MKT,PS,OVERNIGHT,_T,TDS,2024,69700,A,A,0
OECD.CFE.TOU:DSD_TOURISM_INTER@DF_INBOUND(1.0),MNE,SRB,TOP_MKT,PS,OVERNIGHT,_T,TSS,2024,449164,A,A,0
OECD.CFE.TOU:DSD_TOURISM_INTER@DF_INBOUND(1.0),THA,SGP,TOP_MKT,PS,OVERNIGHT,_T,TDS,2024,1009640,A,A,0
OECD.CFE.TOU:DSD_TOURISM_INTER@DF_INBOUND(1.0),KOR,TWN,TOP_MKT,PS,OVERNIGHT,_T,TDS,2024,1473908,A,A,0
OECD.CFE.TOU:DSD_TOURISM_INTER@DF_INBOUND(1.0),JPN,THA,TOP_MKT,PS,OVERNIGHT,_T,TDS,2024,1148848,A,A,0
OECD.CFE.TOU:DSD_TOURISM_INTER@DF_INBOUND(1.0),ROU,UKR,TOP_MKT,PS,OVERNIGHT,_T,TDS,2024,3911617,B,A,0
OECD.CFE.TOU:DSD_TOURISM_INTER@DF_INBOUND(1.0),BRA,URY,TOP_MKT,PS,OVERNIGHT,_T,TDS,2024,388464,A,A,0
OECD.CFE.TOU:DSD_TOURISM_INTER@DF_INBOUND(1.0),COL,VEN,TOP_MKT,PS,OVERNIGHT,_T,TDS,2024,230972,P,A,0
OECD.CFE.TOU:DSD_TOURISM_INTER@DF_INBOUND(1.0),JPN,VNM,TOP_MKT,PS,OVERNIGHT,_T,TDS,2024,621173,A,A,0
OECD.CFE.TOU:DSD_TOURISM_INTER@DF_INBOUND(1.0),ZAF,ZWE,TOP_MKT,PS,OVERNIGHT,_T,TDS,2024,2183000,A,A,0
OECD.CFE.TOU:DSD_TOURISM_INTER@DF_INBOUND(1.0),CRI,A3,TOP_MKT,PS,OVERNIGHT,_T,TDS,2024,235860,A,A,0
OECD.CFE.TOU:DSD_TOURISM_INTER@DF_INBOUND(1.0),CRI,A7,TOP_MKT,PS,OVERNIGHT,_T,TDS,2024,136466,A,A,0
OECD.CFE.TOU:DSD_TOURISM_INTER@DF_INBOUND(1.0),ARG,E,TOP_MKT,PS,OVERNIGHT,_T,TDS,2025,898764,A,A,0
OECD.CFE.TOU:DSD_TOURISM_INTER@DF_INBOUND(1.0),ESP,E3,TOP_MKT,PS,OVERNIGHT,_T,TDS,2024,5126210,A,A,0
OECD.CFE.TOU:DSD_TOURISM_INTER@DF_INBOUND(1.0),IRL,E_O,TOP_MKT,PS,OVERNIGHT,_T,TDS,2024,1660000,A,A,0
OECD.CFE.TOU:DSD_TOURISM_INTER@DF_INBOUND(1.0),NLD,S,TOP_MKT,PS,OVERNIGHT,_T,TSS,2024,1172000,A,A,0
OECD.CFE.TOU:DSD_TOURISM_INTER@DF_INBOUND(1.0),THA,_Z,NIGHTS_ACCOM,NGHT,_T,_T,TDS,2024,,A,A,0
OECD.CFE.TOU:DSD_TOURISM_INTER@DF_INBOUND(1.0),ARG,USA_CAN,TOP_MKT,PS,OVERNIGHT,_T,TDS,2024,624172,A,A,0
OECD.CFE.TOU:DSD_TOURISM_INTER@DF_INBOUND(1.0),AUT,CHE_LIE,TOP_MKT,PS,OVERNIGHT,_T,TSS,2024,1284184,A,A,0
