"total_energy_consumption_rank","country","total_energy_consumption_year","total_energy_consumption_exajoules","energy_price_type","household_price_usd_per_kwh","business_price_usd_per_kwh","price_period","local_currency","household_price_local_currency_per_kwh","business_price_local_currency_per_kwh","price_basis","price_source_url","consumption_source_url","accessed_date","notes","mix_year","electricity_generation_solar_pct","electricity_generation_wind_pct","electricity_generation_oil_and_other_fossil_pct","electricity_generation_gas_pct","electricity_generation_coal_pct","electricity_generation_hydro_pct","electricity_generation_other_pct","primary_energy_consumption_solar_pct","primary_energy_consumption_wind_pct","primary_energy_consumption_oil_pct","primary_energy_consumption_gas_pct","primary_energy_consumption_coal_pct","primary_energy_consumption_hydro_pct","primary_energy_consumption_other_pct","electricity_mix_basis","primary_energy_mix_basis","mix_source_url","mix_definitions_url","mix_notes","total_energy_production_trade_year","total_energy_domestic_production_ej","total_energy_gross_imports_ej","total_energy_gross_exports_ej","total_energy_net_imports_ej","electricity_production_trade_year","electricity_domestic_generation_twh","electricity_gross_imports_twh","electricity_gross_exports_twh","electricity_net_imports_twh","total_energy_production_trade_source_url","electricity_production_trade_source_url","production_trade_notes","tourism_iso3","tourism_arrivals","tourism_arrivals_year","tourism_arrivals_type","tourism_arrivals_basis","tourism_arrivals_source_url","travel_receipts_usd_million","travel_receipts_year","travel_receipts_basis","travel_receipts_source_url","inbound_accommodation_nights","accommodation_nights_year","accommodation_nights_basis","accommodation_nights_source_url","accommodation_bed_places","accommodation_capacity_year","accommodation_capacity_basis","accommodation_capacity_source_url","seasonality_year","seasonality_basis","seasonality_source_url","accommodation_nights_month_01","accommodation_nights_month_02","accommodation_nights_month_03","accommodation_nights_month_04","accommodation_nights_month_05","accommodation_nights_month_06","accommodation_nights_month_07","accommodation_nights_month_08","accommodation_nights_month_09","accommodation_nights_month_10","accommodation_nights_month_11","accommodation_nights_month_12","attraction_example","attraction_basis","attraction_source_url","air_passengers_carried","air_passengers_year","air_transport_basis","air_transport_source_url","resident_growth_support_pct","resident_survey_year","resident_survey_measure","resident_survey_source_url","resident_survey_notes","tourism_accessed_date","tourism_notes"
"1","China","2024","180","Electricity","0.079","0.117","2025-12","CNY","0.532","0.782","Retail electricity including supply, transmission, distribution, taxes and fees. Household: average annual household use; business: 1000000 kWh/year.","https://www.globalpetrolprices.com/China/electricity_prices/","https://www.worldometers.info/energy/energy-by-country/?sort=consumption","2026-09-16","USD values as displayed by source; exchange-rate date unspecified. Electricity only, not total energy spending. Ranking uses total national energy consumption, not per-capita or electricity consumption.","2024","8.32","9.88","0.88","3.18","57.77","13.43","6.54","4.22","5.02","18.49","8.96","52.81","6.81","3.69","Share of electricity generated domestically, not capacity or electricity consumed.","Share of primary energy consumed using the substitution method; includes transport and heating. Not domestic energy extraction/production. Traditional biomass is excluded.","https://owid-public.owid.io/data/energy/owid-energy-data.csv","https://github.com/owid/energy-data/blob/master/owid-energy-codebook.csv","Shares expressed as percentages (0-100), rounded to 2 decimals. Other is 100 minus the six displayed shares and includes nuclear and other renewables. Electricity oil_and_other_fossil uses OWID oil_share_elec, mapped from Ember Other fossil; not a pure-oil estimate. The primary-energy oil share is separate oil consumption. Mix source: Our World in Data, Ember electricity data (2026), Energy Institute Statistical Review (2025).","2023","135.670912","43.973433","3.624973","40.34846","2024","10161.504461","5","22","-17","https://api.iea.org/stats?year=2023&countries=CHINA&series=BALANCES","https://www.eia.gov/opendata/browser/international?frequency=annual&data=value&facets=productId;countryRegionId;unit&productId=2;&countryRegionId=CHN;&unit=BKWH;&start=2024&end=2024","Gross imports and exports are cross-border flows. Negative net imports mean net exports. Domestic production includes output that may be exported. Total energy: IEA 2023 energy balances, TJ divided by 1000000 to get EJ; exports converted from signed balance entries to positive volumes. Electricity: EIA 2024, billion kWh equals TWh. EIA generation totals may differ from the OWID/Ember generation used for the existing source-share columns. IEA balances use different primary-energy accounting from the existing OWID substitution-method shares; do not multiply those shares by these production totals. Electricity imports and exports are preliminary in the EIA source.","CHN","131900000","2024","Visitors","Inbound visits, including same-day visitors and residents of Hong Kong, Macao and Taiwan","https://www.stats.gov.cn/english/PressRelease/202502/t20250228_1958822.html","","","","","","","","","","","","","","","","","","","","","","","","","","","","Great Wall","One illustrative UNESCO-listed place; not a popularity ranking, visitor count or full attraction inventory.","https://whc.unesco.org/en/list","619215886","2023","Passengers carried by airlines registered in the country, on domestic and international services. Not airport throughput, inbound tourists, connectivity, or available seats.","https://data.worldbank.org/indicator/IS.AIR.PSGR","","","","","No comparable national resident survey verified in this release. No sentiment score inferred.","2026-09-20","National snapshot; not a measure of local crowding or tourism carrying capacity. Arrivals count trips, not unique people. Missing means not verified in this release, not zero. Inbound visits include Hong Kong, Macao and Taiwan residents and same-day visits; not comparable with overnight tourist counts."
"2","United States","2024","99.76","Electricity","0.203","0.145","2025-12","USD","0.203","0.145","Retail electricity including supply, transmission, distribution, taxes and fees. Household: average annual household use; business: 1000000 kWh/year.","https://www.globalpetrolprices.com/USA/global_diesel/","https://www.worldometers.info/energy/energy-by-country/?sort=consumption","2026-09-16","USD values as displayed by source; exchange-rate date unspecified. Electricity only, not total energy spending. Ranking uses total national energy consumption, not per-capita or electricity consumption.","2024","6.92","10.29","0.69","42.58","14.85","5.4","19.27","2.83","4.24","37.76","34.24","8.33","2.21","10.39","Share of electricity generated domestically, not capacity or electricity consumed.","Share of primary energy consumed using the substitution method; includes transport and heating. Not domestic energy extraction/production. Traditional biomass is excluded.","https://owid-public.owid.io/data/energy/owid-energy-data.csv","https://github.com/owid/energy-data/blob/master/owid-energy-codebook.csv","Shares expressed as percentages (0-100), rounded to 2 decimals. Other is 100 minus the six displayed shares and includes nuclear and other renewables. Electricity oil_and_other_fossil uses OWID oil_share_elec, mapped from Ember Other fossil; not a pure-oil estimate. The primary-energy oil share is separate oil consumption. Mix source: Our World in Data, Ember electricity data (2026), Energy Institute Statistical Review (2025).","2023","101.586237","21.472075","29.548686","-8.076611","2024","4392.552346","33.254488","19.437047","13.817441","https://api.iea.org/stats?year=2023&countries=USA&series=BALANCES","https://www.eia.gov/opendata/browser/international?frequency=annual&data=value&facets=productId;countryRegionId;unit&productId=2;&countryRegionId=USA;&unit=BKWH;&start=2024&end=2024","Gross imports and exports are cross-border flows. Negative net imports mean net exports. Domestic production includes output that may be exported. Total energy: IEA 2023 energy balances, TJ divided by 1000000 to get EJ; exports converted from signed balance entries to positive volumes. Electricity: EIA 2024, billion kWh equals TWh. EIA generation totals may differ from the OWID/Ember generation used for the existing source-share columns. IEA balances use different primary-energy accounting from the existing OWID substitution-method shares; do not multiply those shares by these production totals.","USA","72296865","2024","Tourists","International overnight tourist arrivals","https://www.oecd.org/en/publications/oecd-tourism-trends-and-policies-2026_3fd3cd75-en/full-report/tourism-trends-performance-and-outlook_e87d10cf.html","213779","2024","Balance-of-payments travel receipts, excluding international passenger transport; current USD; not tourism profit or domestic visitor spending","https://www.oecd.org/en/publications/oecd-tourism-trends-and-policies-2026_3fd3cd75-en/full-report/tourism-trends-performance-and-outlook_e87d10cf.html","421763652","2024","Inbound nights, all means of accommodation; visitor/demand-side survey. Coverage differs by country; not occupancy.","https://sdmx.oecd.org/public/rest/v1/data/OECD.CFE.TOU,DSD_TOURISM_INTER@DF_INBOUND,1.0/.?startPeriod=2024","","","","","","","","","","","","","","","","","","","","Yellowstone National Park","One illustrative UNESCO-listed place; not a popularity ranking, visitor count or full attraction inventory.","https://whc.unesco.org/en/list","941557000","2023","Passengers carried by airlines registered in the country, on domestic and international services. Not airport throughput, inbound tourists, connectivity, or available seats.","https://data.worldbank.org/indicator/IS.AIR.PSGR","","","","","No comparable national resident survey verified in this release. No sentiment score inferred.","2026-09-20","National snapshot; not a measure of local crowding or tourism carrying capacity. Arrivals count trips, not unique people. Missing means not verified in this release, not zero. OECD demand-side accommodation nights may have different survey coverage from border arrivals; no nights-per-arrival ratio is calculated."
"3","India","2024","39.55","Electricity","0.071","0.109","2025-12","INR","6.78","10.31","Retail electricity including supply, transmission, distribution, taxes and fees. Household: average annual household use; business: 1000000 kWh/year.","https://www.globalpetrolprices.com/India/electricity_prices/","https://www.worldometers.info/energy/energy-by-country/?sort=consumption","2026-09-16","USD values as displayed by source; exchange-rate date unspecified. Electricity only, not total energy spending. Ranking uses total national energy consumption, not per-capita or electricity consumption.","2024","7.03","4","0.2","2.77","74.53","7.69","3.78","2.96","1.76","26.86","6.23","56.58","3.39","2.22","Share of electricity generated domestically, not capacity or electricity consumed.","Share of primary energy consumed using the substitution method; includes transport and heating. Not domestic energy extraction/production. Traditional biomass is excluded.","https://owid-public.owid.io/data/energy/owid-energy-data.csv","https://github.com/owid/energy-data/blob/master/owid-energy-codebook.csv","Shares expressed as percentages (0-100), rounded to 2 decimals. Other is 100 minus the six displayed shares and includes nuclear and other renewables. Electricity oil_and_other_fossil uses OWID oil_share_elec, mapped from Ember Other fossil; not a pure-oil estimate. The primary-energy oil share is separate oil consumption. Mix source: Our World in Data, Ember electricity data (2026), Energy Institute Statistical Review (2025).","2023","29.639909","19.741631","2.812008","16.929623","2024","2051.784852","7.7","10","-2.3","https://api.iea.org/stats?year=2023&countries=INDIA&series=BALANCES","https://www.eia.gov/opendata/browser/international?frequency=annual&data=value&facets=productId;countryRegionId;unit&productId=2;&countryRegionId=IND;&unit=BKWH;&start=2024&end=2024","Gross imports and exports are cross-border flows. Negative net imports mean net exports. Domestic production includes output that may be exported. Total energy: IEA 2023 energy balances, TJ divided by 1000000 to get EJ; exports converted from signed balance entries to positive volumes. Electricity: EIA 2024, billion kWh equals TWh. EIA generation totals may differ from the OWID/Ember generation used for the existing source-share columns. IEA balances use different primary-energy accounting from the existing OWID substitution-method shares; do not multiply those shares by these production totals. Electricity imports and exports are preliminary in the EIA source.","IND","20570000","2024","Tourists","International tourist arrivals; broader than foreign nationals; provisional","https://www.pib.gov.in/PressReleasePage.aspx?PRID=2220107&lang=1&reg=1","","","","","","","","","","","","","","","","","","","","","","","","","","","","Taj Mahal","One illustrative UNESCO-listed place; not a popularity ranking, visitor count or full attraction inventory.","https://whc.unesco.org/en/list","180415784.228","2023","Passengers carried by airlines registered in the country, on domestic and international services. Not airport throughput, inbound tourists, connectivity, or available seats.","https://data.worldbank.org/indicator/IS.AIR.PSGR","","","","","No comparable national resident survey verified in this release. No sentiment score inferred.","2026-09-20","National snapshot; not a measure of local crowding or tourism carrying capacity. Arrivals count trips, not unique people. Missing means not verified in this release, not zero. International tourist arrivals are broader than foreign tourist arrivals (9.95 million); source marks 2024 international figures provisional."
"4","Russia","2024","36.17","Electricity","0.078","0.124","2025-12","RUB","6.58","10.421","Retail electricity including supply, transmission, distribution, taxes and fees. Household: average annual household use; business: 1000000 kWh/year.","https://www.globalpetrolprices.com/Russia/electricity_prices/","https://www.worldometers.info/energy/energy-by-country/?sort=consumption","2026-09-16","USD values as displayed by source; exchange-rate date unspecified. Electricity only, not total energy spending. Ranking uses total national energy consumption, not per-capita or electricity consumption.","2024","0.24","0.38","1.14","45.13","17.79","17.41","17.91","0.08","0.12","23.64","52.96","11.56","5.7","5.94","Share of electricity generated domestically, not capacity or electricity consumed.","Share of primary energy consumed using the substitution method; includes transport and heating. Not domestic energy extraction/production. Traditional biomass is excluded.","https://owid-public.owid.io/data/energy/owid-energy-data.csv","https://github.com/owid/energy-data/blob/master/owid-energy-codebook.csv","Shares expressed as percentages (0-100), rounded to 2 decimals. Other is 100 minus the six displayed shares and includes nuclear and other renewables. Electricity oil_and_other_fossil uses OWID oil_share_elec, mapped from Ember Other fossil; not a pure-oil estimate. The primary-energy oil share is separate oil consumption. Mix source: Our World in Data, Ember electricity data (2026), Energy Institute Statistical Review (2025).","2023","57.912663","0.698297","25.248843","-24.550546","2024","1160.215843","1.6","18","-16.4","https://api.iea.org/stats?year=2023&countries=RUSSIA&series=BALANCES","https://www.eia.gov/opendata/browser/international?frequency=annual&data=value&facets=productId;countryRegionId;unit&productId=2;&countryRegionId=RUS;&unit=BKWH;&start=2024&end=2024","Gross imports and exports are cross-border flows. Negative net imports mean net exports. Domestic production includes output that may be exported. Total energy: IEA 2023 energy balances, TJ divided by 1000000 to get EJ; exports converted from signed balance entries to positive volumes. Electricity: EIA 2024, billion kWh equals TWh. EIA generation totals may differ from the OWID/Ember generation used for the existing source-share columns. IEA balances use different primary-energy accounting from the existing OWID substitution-method shares; do not multiply those shares by these production totals. Electricity imports and exports are preliminary in the EIA source.","RUS","","","","","","","","","","","","","","","","","","","","","","","","","","","","","","","","","Lake Baikal","One illustrative UNESCO-listed place; not a popularity ranking, visitor count or full attraction inventory.","https://whc.unesco.org/en/list","98872628","2023","Passengers carried by airlines registered in the country, on domestic and international services. Not airport throughput, inbound tourists, connectivity, or available seats.","https://data.worldbank.org/indicator/IS.AIR.PSGR","","","","","No comparable national resident survey verified in this release. No sentiment score inferred.","2026-09-20","National snapshot; not a measure of local crowding or tourism carrying capacity. Arrivals count trips, not unique people. Missing means not verified in this release, not zero. A comparable 2024 visitor total and travel-receipts figure were not verified from an accessible primary source."
"5","Japan","2024","16.53","Electricity","0.225","0.185","2025-12","JPY","34.707","28.51","Retail electricity including supply, transmission, distribution, taxes and fees. Household: average annual household use; business: 1000000 kWh/year.","https://www.globalpetrolprices.com/Japan/electricity_prices/","https://www.worldometers.info/energy/energy-by-country/?sort=consumption","2026-09-16","USD values as displayed by source; exchange-rate date unspecified. Electricity only, not total energy spending. Ranking uses total national energy consumption, not per-capita or electricity consumption.","2024","9.51","1.14","2.46","34.07","32.19","7.82","12.81","4.95","0.59","37.43","19.1","26.43","4.07","7.43","Share of electricity generated domestically, not capacity or electricity consumed.","Share of primary energy consumed using the substitution method; includes transport and heating. Not domestic energy extraction/production. Traditional biomass is excluded.","https://owid-public.owid.io/data/energy/owid-energy-data.csv","https://github.com/owid/energy-data/blob/master/owid-energy-codebook.csv","Shares expressed as percentages (0-100), rounded to 2 decimals. Other is 100 minus the six displayed shares and includes nuclear and other renewables. Electricity oil_and_other_fossil uses OWID oil_share_elec, mapped from Ember Other fossil; not a pure-oil estimate. The primary-energy oil share is separate oil consumption. Mix source: Our World in Data, Ember electricity data (2026), Energy Institute Statistical Review (2025).","2023","2.404905","14.3805","0.552012","13.828488","2024","907.014829","0","0","0","https://api.iea.org/stats?year=2023&countries=JAPAN&series=BALANCES","https://www.eia.gov/opendata/browser/international?frequency=annual&data=value&facets=productId;countryRegionId;unit&productId=2;&countryRegionId=JPN;&unit=BKWH;&start=2024&end=2024","Gross imports and exports are cross-border flows. Negative net imports mean net exports. Domestic production includes output that may be exported. Total energy: IEA 2023 energy balances, TJ divided by 1000000 to get EJ; exports converted from signed balance entries to positive volumes. Electricity: EIA 2024, billion kWh equals TWh. EIA generation totals may differ from the OWID/Ember generation used for the existing source-share columns. IEA balances use different primary-energy accounting from the existing OWID substitution-method shares; do not multiply those shares by these production totals.","JPN","36870148","2024","Visitors","International visitors, including overnight and same-day","https://www.oecd.org/en/publications/oecd-tourism-trends-and-policies-2026_3fd3cd75-en/full-report/tourism-trends-performance-and-outlook_e87d10cf.html","54673","2024","Balance-of-payments travel receipts, excluding international passenger transport; current USD; not tourism profit or domestic visitor spending","https://www.oecd.org/en/publications/oecd-tourism-trends-and-policies-2026_3fd3cd75-en/full-report/tourism-trends-performance-and-outlook_e87d10cf.html","164462600","2024","Inbound nights, all means of accommodation; accommodation-provider survey. Coverage differs by country; not occupancy.","https://sdmx.oecd.org/public/rest/v1/data/OECD.CFE.TOU,DSD_TOURISM_INTER@DF_INBOUND,1.0/.?startPeriod=2024","","","","","","","","","","","","","","","","","","","","Himeji Castle","One illustrative UNESCO-listed place; not a popularity ranking, visitor count or full attraction inventory.","https://whc.unesco.org/en/list","120305972","2023","Passengers carried by airlines registered in the country, on domestic and international services. Not airport throughput, inbound tourists, connectivity, or available seats.","https://data.worldbank.org/indicator/IS.AIR.PSGR","","","","","No comparable national resident survey verified in this release. No sentiment score inferred.","2026-09-20","National snapshot; not a measure of local crowding or tourism carrying capacity. Arrivals count trips, not unique people. Missing means not verified in this release, not zero."
"6","Iran","2024","14.73","Electricity","","","2025-12","IRR","","","Retail electricity including supply, transmission, distribution, taxes and fees. Household: average annual household use; business: 1000000 kWh/year.","https://www.globalpetrolprices.com/Iran/electricity_prices/","https://www.worldometers.info/energy/energy-by-country/?sort=consumption","2026-09-16","USD values as displayed by source; exchange-rate date unspecified. Electricity only, not total energy spending. Ranking uses total national energy consumption, not per-capita or electricity consumption. Prices unavailable: source displays 0.000 in both IRR and USD for households and omits business price. Suspect zero not treated as a valid free-electricity tariff; numeric prices left blank.","2024","0.23","0.32","6.72","85.92","0.18","4.77","1.86","0.06","0.08","29.13","68.42","0.51","1.28","0.52","Share of electricity generated domestically, not capacity or electricity consumed.","Share of primary energy consumed using the substitution method; includes transport and heating. Not domestic energy extraction/production. Traditional biomass is excluded.","https://owid-public.owid.io/data/energy/owid-energy-data.csv","https://github.com/owid/energy-data/blob/master/owid-energy-codebook.csv","Shares expressed as percentages (0-100), rounded to 2 decimals. Other is 100 minus the six displayed shares and includes nuclear and other renewables. Electricity oil_and_other_fossil uses OWID oil_share_elec, mapped from Ember Other fossil; not a pure-oil estimate. The primary-energy oil share is separate oil consumption. Mix source: Our World in Data, Ember electricity data (2026), Energy Institute Statistical Review (2025).","2023","16.382525","0.148542","3.78372","-3.635178","2024","388.865793","3.2","5.6","-2.4","https://api.iea.org/stats?year=2023&countries=IRAN&series=BALANCES","https://www.eia.gov/opendata/browser/international?frequency=annual&data=value&facets=productId;countryRegionId;unit&productId=2;&countryRegionId=IRN;&unit=BKWH;&start=2024&end=2024","Gross imports and exports are cross-border flows. Negative net imports mean net exports. Domestic production includes output that may be exported. Total energy: IEA 2023 energy balances, TJ divided by 1000000 to get EJ; exports converted from signed balance entries to positive volumes. Electricity: EIA 2024, billion kWh equals TWh. EIA generation totals may differ from the OWID/Ember generation used for the existing source-share columns. IEA balances use different primary-energy accounting from the existing OWID substitution-method shares; do not multiply those shares by these production totals. Electricity imports and exports are preliminary in the EIA source.","IRN","","","","","","","","","","","","","","","","","","","","","","","","","","","","","","","","","Persepolis","One illustrative UNESCO-listed place; not a popularity ranking, visitor count or full attraction inventory.","https://whc.unesco.org/en/list","18067403","2023","Passengers carried by airlines registered in the country, on domestic and international services. Not airport throughput, inbound tourists, connectivity, or available seats.","https://data.worldbank.org/indicator/IS.AIR.PSGR","","","","","No comparable national resident survey verified in this release. No sentiment score inferred.","2026-09-20","National snapshot; not a measure of local crowding or tourism carrying capacity. Arrivals count trips, not unique people. Missing means not verified in this release, not zero. A comparable 2024 visitor total and travel-receipts figure were not verified from an accessible primary source."
"7","Canada","2024","13.38","Electricity","0.121","0.115","2025-12","CAD","0.169","0.16","Retail electricity including supply, transmission, distribution, taxes and fees. Household: average annual household use; business: 1000000 kWh/year.","https://www.globalpetrolprices.com/Canada/electricity_prices/","https://www.worldometers.info/energy/energy-by-country/?sort=consumption","2026-09-16","USD values as displayed by source; exchange-rate date unspecified. Electricity only, not total energy spending. Ranking uses total national energy consumption, not per-capita or electricity consumption.","2024","1.48","7.35","1.15","17.21","3.95","53.9","14.96","0.6","2.99","31.64","33.63","2.12","21.9","7.12","Share of electricity generated domestically, not capacity or electricity consumed.","Share of primary energy consumed using the substitution method; includes transport and heating. Not domestic energy extraction/production. Traditional biomass is excluded.","https://owid-public.owid.io/data/energy/owid-energy-data.csv","https://github.com/owid/energy-data/blob/master/owid-energy-codebook.csv","Shares expressed as percentages (0-100), rounded to 2 decimals. Other is 100 minus the six displayed shares and includes nuclear and other renewables. Electricity oil_and_other_fossil uses OWID oil_share_elec, mapped from Ember Other fossil; not a pure-oil estimate. The primary-energy oil share is separate oil consumption. Mix source: Our World in Data, Ember electricity data (2026), Energy Institute Statistical Review (2025).","2023","23.79263","3.043836","14.078151","-11.034315","2024","611.344773","23.214377","35.642066","-12.427689","https://api.iea.org/stats?year=2023&countries=CANADA&series=BALANCES","https://www.eia.gov/opendata/browser/international?frequency=annual&data=value&facets=productId;countryRegionId;unit&productId=2;&countryRegionId=CAN;&unit=BKWH;&start=2024&end=2024","Gross imports and exports are cross-border flows. Negative net imports mean net exports. Domestic production includes output that may be exported. Total energy: IEA 2023 energy balances, TJ divided by 1000000 to get EJ; exports converted from signed balance entries to positive volumes. Electricity: EIA 2024, billion kWh equals TWh. EIA generation totals may differ from the OWID/Ember generation used for the existing source-share columns. IEA balances use different primary-energy accounting from the existing OWID substitution-method shares; do not multiply those shares by these production totals.","CAN","19912926","2024","Tourists","International overnight tourist arrivals","https://www.oecd.org/en/publications/oecd-tourism-trends-and-policies-2026_3fd3cd75-en/full-report/tourism-trends-performance-and-outlook_e87d10cf.html","51379","2024","Balance-of-payments travel receipts, excluding international passenger transport; current USD; not tourism profit or domestic visitor spending","https://www.oecd.org/en/publications/oecd-tourism-trends-and-policies-2026_3fd3cd75-en/full-report/tourism-trends-performance-and-outlook_e87d10cf.html","149362000","2024","Inbound nights, all means of accommodation; visitor/demand-side survey. Coverage differs by country; not occupancy.","https://sdmx.oecd.org/public/rest/v1/data/OECD.CFE.TOU,DSD_TOURISM_INTER@DF_INBOUND,1.0/.?startPeriod=2024","","","","","","","","","","","","","","","","","","","","Canadian Rocky Mountain Parks","One illustrative UNESCO-listed place; not a popularity ranking, visitor count or full attraction inventory.","https://whc.unesco.org/en/list","88618000","2023","Passengers carried by airlines registered in the country, on domestic and international services. Not airport throughput, inbound tourists, connectivity, or available seats.","https://data.worldbank.org/indicator/IS.AIR.PSGR","75","2024","Share agreeing their city should keep promoting itself to attract more tourists (annual national result)","https://www.tourismdatacollective.ca/system/files/2025-07/Resident%20Sentiment%20Index%20-%202024%20Annual%20Report.pdf","Destination Canada Resident Sentiment Index annual report. National aggregate; local opinions vary. The two-page summary does not provide sample size or weighting details; no cross-country sentiment ranking.","2026-09-20","National snapshot; not a measure of local crowding or tourism carrying capacity. Arrivals count trips, not unique people. Missing means not verified in this release, not zero."
"8","South Korea","2024","13.1","Electricity","0.13","0.118","2025-12","KRW","170.84","155.852","Retail electricity including supply, transmission, distribution, taxes and fees. Household: average annual household use; business: 1000000 kWh/year.","https://www.globalpetrolprices.com/South-Korea/electricity_prices/","https://www.worldometers.info/energy/energy-by-country/?sort=consumption","2026-09-16","USD values as displayed by source; exchange-rate date unspecified. Electricity only, not total energy spending. Ranking uses total national energy consumption, not per-capita or electricity consumption.","2024","5.23","0.54","1.08","28.52","30.51","0.69","33.43","2.22","0.23","42.78","17.68","22.01","0.29","14.79","Share of electricity generated domestically, not capacity or electricity consumed.","Share of primary energy consumed using the substitution method; includes transport and heating. Not domestic energy extraction/production. Traditional biomass is excluded.","https://owid-public.owid.io/data/energy/owid-energy-data.csv","https://github.com/owid/energy-data/blob/master/owid-energy-codebook.csv","Shares expressed as percentages (0-100), rounded to 2 decimals. Other is 100 minus the six displayed shares and includes nuclear and other renewables. Electricity oil_and_other_fossil uses OWID oil_share_elec, mapped from Ember Other fossil; not a pure-oil estimate. The primary-energy oil share is separate oil consumption. Mix source: Our World in Data, Ember electricity data (2026), Energy Institute Statistical Review (2025).","2023","2.478175","12.520464","2.744926","9.775538","2024","577.806857","0","0","0","https://api.iea.org/stats?year=2023&countries=KOREA&series=BALANCES","https://www.eia.gov/opendata/browser/international?frequency=annual&data=value&facets=productId;countryRegionId;unit&productId=2;&countryRegionId=KOR;&unit=BKWH;&start=2024&end=2024","Gross imports and exports are cross-border flows. Negative net imports mean net exports. Domestic production includes output that may be exported. Total energy: IEA 2023 energy balances, TJ divided by 1000000 to get EJ; exports converted from signed balance entries to positive volumes. Electricity: EIA 2024, billion kWh equals TWh. EIA generation totals may differ from the OWID/Ember generation used for the existing source-share columns. IEA balances use different primary-energy accounting from the existing OWID substitution-method shares; do not multiply those shares by these production totals.","KOR","16369629","2024","Visitors","International visitors, including overnight and same-day","https://www.oecd.org/en/publications/oecd-tourism-trends-and-policies-2026_3fd3cd75-en/full-report/tourism-trends-performance-and-outlook_e87d10cf.html","16717","2024","Balance-of-payments travel receipts, excluding international passenger transport; current USD; not tourism profit or domestic visitor spending","https://www.oecd.org/en/publications/oecd-tourism-trends-and-policies-2026_3fd3cd75-en/full-report/tourism-trends-performance-and-outlook_e87d10cf.html","110489933","2024","Inbound nights, all means of accommodation; visitor/demand-side survey. Coverage differs by country; not occupancy.","https://sdmx.oecd.org/public/rest/v1/data/OECD.CFE.TOU,DSD_TOURISM_INTER@DF_INBOUND,1.0/.?startPeriod=2024","","","","","","","","","","","","","","","","","","","","Changdeokgung Palace","One illustrative UNESCO-listed place; not a popularity ranking, visitor count or full attraction inventory.","https://whc.unesco.org/en/list","76272453.877","2023","Passengers carried by airlines registered in the country, on domestic and international services. Not airport throughput, inbound tourists, connectivity, or available seats.","https://data.worldbank.org/indicator/IS.AIR.PSGR","","","","","No comparable national resident survey verified in this release. No sentiment score inferred.","2026-09-20","National snapshot; not a measure of local crowding or tourism carrying capacity. Arrivals count trips, not unique people. Missing means not verified in this release, not zero."
"9","Saudi Arabia","2024","12.53","Electricity","0.053","0.074","2025-12","SAR","0.2","0.277","Retail electricity including supply, transmission, distribution, taxes and fees. Household: average annual household use; business: 1000000 kWh/year.","https://www.globalpetrolprices.com/Saudi-Arabia/electricity_prices/","https://www.worldometers.info/energy/energy-by-country/?sort=consumption","2026-09-16","USD values as displayed by source; exchange-rate date unspecified. Electricity only, not total energy spending. Ranking uses total national energy consumption, not per-capita or electricity consumption.","2024","1.81","0.35","34.5","63.34","0","0","0","0.61","0.12","62.28","36.94","0.05","0","0","Share of electricity generated domestically, not capacity or electricity consumed.","Share of primary energy consumed using the substitution method; includes transport and heating. Not domestic energy extraction/production. Traditional biomass is excluded.","https://owid-public.owid.io/data/energy/owid-energy-data.csv","https://github.com/owid/energy-data/blob/master/owid-energy-codebook.csv","Shares expressed as percentages (0-100), rounded to 2 decimals. Other is 100 minus the six displayed shares and includes nuclear and other renewables. Electricity oil_and_other_fossil uses OWID oil_share_elec, mapped from Ember Other fossil; not a pure-oil estimate. The primary-energy oil share is separate oil consumption. Mix source: Our World in Data, Ember electricity data (2026), Energy Institute Statistical Review (2025). Electricity hydro is blank in the source and filled as 0 because the same dataset reports zero hydropower primary-energy consumption and share.","2023","26.395856","1.00482","16.934216","-15.929396","2024","445.756922","0.3","0.352","-0.052","https://api.iea.org/stats?year=2023&countries=SAUDIARABI&series=BALANCES","https://www.eia.gov/opendata/browser/international?frequency=annual&data=value&facets=productId;countryRegionId;unit&productId=2;&countryRegionId=SAU;&unit=BKWH;&start=2024&end=2024","Gross imports and exports are cross-border flows. Negative net imports mean net exports. Domestic production includes output that may be exported. Total energy: IEA 2023 energy balances, TJ divided by 1000000 to get EJ; exports converted from signed balance entries to positive volumes. Electricity: EIA 2024, billion kWh equals TWh. EIA generation totals may differ from the OWID/Ember generation used for the existing source-share columns. IEA balances use different primary-energy accounting from the existing OWID substitution-method shares; do not multiply those shares by these production totals. Electricity imports and exports are preliminary in the EIA source.","SAU","29727443","2024","Tourists","International overnight tourist arrivals","https://www.oecd.org/en/publications/oecd-tourism-trends-and-policies-2026_3fd3cd75-en/full-report/tourism-trends-performance-and-outlook_e87d10cf.html","40963","2024","Balance-of-payments travel receipts, excluding international passenger transport; current USD; not tourism profit or domestic visitor spending","https://www.oecd.org/en/publications/oecd-tourism-trends-and-policies-2026_3fd3cd75-en/full-report/tourism-trends-performance-and-outlook_e87d10cf.html","560227192","2024","Inbound nights, all means of accommodation; visitor/demand-side survey. Coverage differs by country; not occupancy.","https://sdmx.oecd.org/public/rest/v1/data/OECD.CFE.TOU,DSD_TOURISM_INTER@DF_INBOUND,1.0/.?startPeriod=2024","","","","","","","","","","","","","","","","","","","","Hegra","One illustrative UNESCO-listed place; not a popularity ranking, visitor count or full attraction inventory.","https://whc.unesco.org/en/list","47979994","2023","Passengers carried by airlines registered in the country, on domestic and international services. Not airport throughput, inbound tourists, connectivity, or available seats.","https://data.worldbank.org/indicator/IS.AIR.PSGR","","","","","No comparable national resident survey verified in this release. No sentiment score inferred.","2026-09-20","National snapshot; not a measure of local crowding or tourism carrying capacity. Arrivals count trips, not unique people. Missing means not verified in this release, not zero."
"10","Indonesia","2024","12","Electricity","0.082","0.063","2025-12","IDR","1444.7","1114.74","Retail electricity including supply, transmission, distribution, taxes and fees. Household: average annual household use; business: 1000000 kWh/year.","https://www.globalpetrolprices.com/Indonesia/electricity_prices/?trp-edit-translation=preview","https://www.worldometers.info/energy/energy-by-country/?sort=consumption","2026-09-16","USD values as displayed by source; exchange-rate date unspecified. Electricity only, not total energy spending. Ranking uses total national energy consumption, not per-capita or electricity consumption.","2024","0.36","0.13","1.92","18.51","61.48","7.35","10.25","0.08","0.04","29.39","15.81","43.85","2.16","8.67","Share of electricity generated domestically, not capacity or electricity consumed.","Share of primary energy consumed using the substitution method; includes transport and heating. Not domestic energy extraction/production. Traditional biomass is excluded.","https://owid-public.owid.io/data/energy/owid-energy-data.csv","https://github.com/owid/energy-data/blob/master/owid-energy-codebook.csv","Shares expressed as percentages (0-100), rounded to 2 decimals. Other is 100 minus the six displayed shares and includes nuclear and other renewables. Electricity oil_and_other_fossil uses OWID oil_share_elec, mapped from Ember Other fossil; not a pure-oil estimate. The primary-energy oil share is separate oil consumption. Mix source: Our World in Data, Ember electricity data (2026), Energy Institute Statistical Review (2025).","2023","22.988352","2.563682","12.86314","-10.299458","2024","404.85768","0.95751","0","0.95751","https://api.iea.org/stats?year=2023&countries=INDONESIA&series=BALANCES","https://www.eia.gov/opendata/browser/international?frequency=annual&data=value&facets=productId;countryRegionId;unit&productId=2;&countryRegionId=IDN;&unit=BKWH;&start=2024&end=2024","Gross imports and exports are cross-border flows. Negative net imports mean net exports. Domestic production includes output that may be exported. Total energy: IEA 2023 energy balances, TJ divided by 1000000 to get EJ; exports converted from signed balance entries to positive volumes. Electricity: EIA 2024, billion kWh equals TWh. EIA generation totals may differ from the OWID/Ember generation used for the existing source-share columns. IEA balances use different primary-energy accounting from the existing OWID substitution-method shares; do not multiply those shares by these production totals.","IDN","13886678","2024","Visitors","International visitors, including overnight and same-day","https://www.oecd.org/en/publications/oecd-tourism-trends-and-policies-2026_3fd3cd75-en/full-report/tourism-trends-performance-and-outlook_e87d10cf.html","16703","2024","Balance-of-payments travel receipts, excluding international passenger transport; current USD; not tourism profit or domestic visitor spending","https://www.oecd.org/en/publications/oecd-tourism-trends-and-policies-2026_3fd3cd75-en/full-report/tourism-trends-performance-and-outlook_e87d10cf.html","","","","","","","","","","","","","","","","","","","","","","","","Borobudur","One illustrative UNESCO-listed place; not a popularity ranking, visitor count or full attraction inventory.","https://whc.unesco.org/en/list","97045784.754","2023","Passengers carried by airlines registered in the country, on domestic and international services. Not airport throughput, inbound tourists, connectivity, or available seats.","https://data.worldbank.org/indicator/IS.AIR.PSGR","","","","","No comparable national resident survey verified in this release. No sentiment score inferred.","2026-09-20","National snapshot; not a measure of local crowding or tourism carrying capacity. Arrivals count trips, not unique people. Missing means not verified in this release, not zero."
"11","Brazil","2024","11.27","Electricity","0.18","0.158","2025-12","BRL","0.921","0.81","Retail electricity including supply, transmission, distribution, taxes and fees. Household: average annual household use; business: 1000000 kWh/year.","https://www.globalpetrolprices.com/Brazil/electricity_prices/","https://www.worldometers.info/energy/energy-by-country/?sort=consumption","2026-09-16","USD values as displayed by source; exchange-rate date unspecified. Electricity only, not total energy spending. Ranking uses total national energy consumption, not per-capita or electricity consumption.","2024","9.56","14.55","1.84","6.54","2.17","55.41","9.93","4.55","6.92","37.32","8.2","3.86","26.34","12.81","Share of electricity generated domestically, not capacity or electricity consumed.","Share of primary energy consumed using the substitution method; includes transport and heating. Not domestic energy extraction/production. Traditional biomass is excluded.","https://owid-public.owid.io/data/energy/owid-energy-data.csv","https://github.com/owid/energy-data/blob/master/owid-energy-codebook.csv","Shares expressed as percentages (0-100), rounded to 2 decimals. Other is 100 minus the six displayed shares and includes nuclear and other renewables. Electricity oil_and_other_fossil uses OWID oil_share_elec, mapped from Ember Other fossil; not a pure-oil estimate. The primary-energy oil share is separate oil consumption. Mix source: Our World in Data, Ember electricity data (2026), Energy Institute Statistical Review (2025).","2023","15.207293","2.556428","4.347816","-1.791388","2024","737.07547","14.09819","2.51","11.58819","https://api.iea.org/stats?year=2023&countries=BRAZIL&series=BALANCES","https://www.eia.gov/opendata/browser/international?frequency=annual&data=value&facets=productId;countryRegionId;unit&productId=2;&countryRegionId=BRA;&unit=BKWH;&start=2024&end=2024","Gross imports and exports are cross-border flows. Negative net imports mean net exports. Domestic production includes output that may be exported. Total energy: IEA 2023 energy balances, TJ divided by 1000000 to get EJ; exports converted from signed balance entries to positive volumes. Electricity: EIA 2024, billion kWh equals TWh. EIA generation totals may differ from the OWID/Ember generation used for the existing source-share columns. IEA balances use different primary-energy accounting from the existing OWID substitution-method shares; do not multiply those shares by these production totals.","BRA","6773619","2024","Tourists","International overnight tourist arrivals","https://www.oecd.org/en/publications/oecd-tourism-trends-and-policies-2026_3fd3cd75-en/full-report/tourism-trends-performance-and-outlook_e87d10cf.html","7341","2024","Balance-of-payments travel receipts, excluding international passenger transport; current USD; not tourism profit or domestic visitor spending","https://www.oecd.org/en/publications/oecd-tourism-trends-and-policies-2026_3fd3cd75-en/full-report/tourism-trends-performance-and-outlook_e87d10cf.html","","","","","","","","","","","","","","","","","","","","","","","","Iguaçu National Park","One illustrative UNESCO-listed place; not a popularity ranking, visitor count or full attraction inventory.","https://whc.unesco.org/en/list","95398485","2023","Passengers carried by airlines registered in the country, on domestic and international services. Not airport throughput, inbound tourists, connectivity, or available seats.","https://data.worldbank.org/indicator/IS.AIR.PSGR","","","","","No comparable national resident survey verified in this release. No sentiment score inferred.","2026-09-20","National snapshot; not a measure of local crowding or tourism carrying capacity. Arrivals count trips, not unique people. Missing means not verified in this release, not zero."
"12","Germany","2024","10.47","Electricity","0.399","0.266","2025-12","EUR","0.346","0.231","Retail electricity including supply, transmission, distribution, taxes and fees. Household: average annual household use; business: 1000000 kWh/year.","https://www.globalpetrolprices.com/Germany/electricity/_prices/","https://www.worldometers.info/energy/energy-by-country/?sort=consumption","2026-09-16","USD values as displayed by source; exchange-rate date unspecified. Electricity only, not total energy spending. Ranking uses total national energy consumption, not per-capita or electricity consumption.","2024","14.95","28.55","4.11","15.81","21.44","4.8","10.34","5.73","10.73","37.27","24.89","13.88","1.72","5.78","Share of electricity generated domestically, not capacity or electricity consumed.","Share of primary energy consumed using the substitution method; includes transport and heating. Not domestic energy extraction/production. Traditional biomass is excluded.","https://owid-public.owid.io/data/energy/owid-energy-data.csv","https://github.com/owid/energy-data/blob/master/owid-energy-codebook.csv","Shares expressed as percentages (0-100), rounded to 2 decimals. Other is 100 minus the six displayed shares and includes nuclear and other renewables. Electricity oil_and_other_fossil uses OWID oil_share_elec, mapped from Ember Other fossil; not a pure-oil estimate. The primary-energy oil share is separate oil consumption. Mix source: Our World in Data, Ember electricity data (2026), Energy Institute Statistical Review (2025).","2023","3.396494","8.622202","1.42485","7.197352","2024","490.176994","81.658","55.389","26.269","https://api.iea.org/stats?year=2023&countries=GERMANY&series=BALANCES","https://www.eia.gov/opendata/browser/international?frequency=annual&data=value&facets=productId;countryRegionId;unit&productId=2;&countryRegionId=DEU;&unit=BKWH;&start=2024&end=2024","Gross imports and exports are cross-border flows. Negative net imports mean net exports. Domestic production includes output that may be exported. Total energy: IEA 2023 energy balances, TJ divided by 1000000 to get EJ; exports converted from signed balance entries to positive volumes. Electricity: EIA 2024, billion kWh equals TWh. EIA generation totals may differ from the OWID/Ember generation used for the existing source-share columns. IEA balances use different primary-energy accounting from the existing OWID substitution-method shares; do not multiply those shares by these production totals.","DEU","37419799","2024","Accommodation arrivals","Non-resident arrivals from accommodation surveys","https://www.oecd.org/en/publications/oecd-tourism-trends-and-policies-2026_3fd3cd75-en/full-report/tourism-trends-performance-and-outlook_e87d10cf.html","40108","2024","Balance-of-payments travel receipts, excluding international passenger transport; current USD; not tourism profit or domestic visitor spending","https://www.oecd.org/en/publications/oecd-tourism-trends-and-policies-2026_3fd3cd75-en/full-report/tourism-trends-performance-and-outlook_e87d10cf.html","84792636","2024","Inbound nights, all means of accommodation; accommodation-provider survey. Coverage differs by country; not occupancy.","https://sdmx.oecd.org/public/rest/v1/data/OECD.CFE.TOU,DSD_TOURISM_INTER@DF_INBOUND,1.0/.?startPeriod=2024","3702178","2024","Eurostat hotels, holiday/short-stay accommodation and camping (I551-I553); national reporting thresholds apply. Bed places are capacity, not rooms.","https://doi.org/10.2908/TOUR_CAP_NAT","2024","Monthly nights of domestic and international guests in hotels, holiday/short-stay accommodation and camping (I551-I553); not inbound arrivals.","https://doi.org/10.2908/TOUR_OCC_NIM","20761214","23655592","30643861","32176697","43985146","43786269","52416003","54201536","43260771","40388642","27380452","26963485","Aachen Cathedral","One illustrative UNESCO-listed place; not a popularity ranking, visitor count or full attraction inventory.","https://whc.unesco.org/en/list","80199572","2023","Passengers carried by airlines registered in the country, on domestic and international services. Not airport throughput, inbound tourists, connectivity, or available seats.","https://data.worldbank.org/indicator/IS.AIR.PSGR","","","","","No comparable national resident survey verified in this release. No sentiment score inferred.","2026-09-20","National snapshot; not a measure of local crowding or tourism carrying capacity. Arrivals count trips, not unique people. Missing means not verified in this release, not zero."
"13","France","2024","9.03","Electricity","0.267","0.17","2025-12","EUR","0.234","0.149","Retail electricity including supply, transmission, distribution, taxes and fees. Household: average annual household use; business: 1000000 kWh/year.","https://www.globalpetrolprices.com/France/","https://www.worldometers.info/energy/energy-by-country/?sort=consumption","2026-09-16","USD values as displayed by source; exchange-rate date unspecified. Electricity only, not total energy spending. Ranking uses total national energy consumption, not per-capita or electricity consumption.","2024","4.43","8.09","1.7","3.22","0.18","12.66","69.72","2.28","4.63","31.26","12.88","1.99","6.97","39.99","Share of electricity generated domestically, not capacity or electricity consumed.","Share of primary energy consumed using the substitution method; includes transport and heating. Not domestic energy extraction/production. Traditional biomass is excluded.","https://owid-public.owid.io/data/energy/owid-energy-data.csv","https://github.com/owid/energy-data/blob/master/owid-energy-codebook.csv","Shares expressed as percentages (0-100), rounded to 2 decimals. Other is 100 minus the six displayed shares and includes nuclear and other renewables. Electricity oil_and_other_fossil uses OWID oil_share_elec, mapped from Ember Other fossil; not a pure-oil estimate. The primary-energy oil share is separate oil consumption. Mix source: Our World in Data, Ember electricity data (2026), Energy Institute Statistical Review (2025).","2023","4.937569","5.654834","1.423925","4.230909","2024","537.226521","15.108677","104.959632","-89.850955","https://api.iea.org/stats?year=2023&countries=FRANCE&series=BALANCES","https://www.eia.gov/opendata/browser/international?frequency=annual&data=value&facets=productId;countryRegionId;unit&productId=2;&countryRegionId=FRA;&unit=BKWH;&start=2024&end=2024","Gross imports and exports are cross-border flows. Negative net imports mean net exports. Domestic production includes output that may be exported. Total energy: IEA 2023 energy balances, TJ divided by 1000000 to get EJ; exports converted from signed balance entries to positive volumes. Electricity: EIA 2024, billion kWh equals TWh. EIA generation totals may differ from the OWID/Ember generation used for the existing source-share columns. IEA balances use different primary-energy accounting from the existing OWID substitution-method shares; do not multiply those shares by these production totals.","FRA","100000000","2024","Tourists","International overnight tourist arrivals","https://www.oecd.org/en/publications/oecd-tourism-trends-and-policies-2026_3fd3cd75-en/full-report/tourism-trends-performance-and-outlook_e87d10cf.html","76965","2024","Balance-of-payments travel receipts, excluding international passenger transport; current USD; not tourism profit or domestic visitor spending","https://www.oecd.org/en/publications/oecd-tourism-trends-and-policies-2026_3fd3cd75-en/full-report/tourism-trends-performance-and-outlook_e87d10cf.html","140608197","2024","Inbound nights, all means of accommodation; accommodation-provider survey. Coverage differs by country; not occupancy.","https://sdmx.oecd.org/public/rest/v1/data/OECD.CFE.TOU,DSD_TOURISM_INTER@DF_INBOUND,1.0/.?startPeriod=2024","5070615","2024","Eurostat hotels, holiday/short-stay accommodation and camping (I551-I553); national reporting thresholds apply. Bed places are capacity, not rooms.","https://doi.org/10.2908/TOUR_CAP_NAT","2024","Monthly nights of domestic and international guests in hotels, holiday/short-stay accommodation and camping (I551-I553); not inbound arrivals.","https://doi.org/10.2908/TOUR_OCC_NIM","20279417","22063192","25990793","31529766","41397348","42690959","74383540","90165531","40474056","27876388","19067811","21725463","Palace of Versailles","One illustrative UNESCO-listed place; not a popularity ranking, visitor count or full attraction inventory.","https://whc.unesco.org/en/list","64644716","2023","Passengers carried by airlines registered in the country, on domestic and international services. Not airport throughput, inbound tourists, connectivity, or available seats.","https://data.worldbank.org/indicator/IS.AIR.PSGR","","","","","No comparable national resident survey verified in this release. No sentiment score inferred.","2026-09-20","National snapshot; not a measure of local crowding or tourism carrying capacity. Arrivals count trips, not unique people. Missing means not verified in this release, not zero."
"14","Mexico","2024","8.22","Electricity","0.124","0.242","2025-12","MXN","2.089","4.088","Retail electricity including supply, transmission, distribution, taxes and fees. Household: average annual household use; business: 1000000 kWh/year.","https://www.globalpetrolprices.com/Mexico/electricity_prices/","https://www.worldometers.info/energy/energy-by-country/?sort=consumption","2026-09-16","USD values as displayed by source; exchange-rate date unspecified. Electricity only, not total energy spending. Ranking uses total national energy consumption, not per-capita or electricity consumption.","2024","7.24","5.56","9.52","62.41","3.49","6.63","5.15","2.73","2.09","43.48","43.56","3.41","2.49","2.24","Share of electricity generated domestically, not capacity or electricity consumed.","Share of primary energy consumed using the substitution method; includes transport and heating. Not domestic energy extraction/production. Traditional biomass is excluded.","https://owid-public.owid.io/data/energy/owid-energy-data.csv","https://github.com/owid/energy-data/blob/master/owid-energy-codebook.csv","Shares expressed as percentages (0-100), rounded to 2 decimals. Other is 100 minus the six displayed shares and includes nuclear and other renewables. Electricity oil_and_other_fossil uses OWID oil_share_elec, mapped from Ember Other fossil; not a pure-oil estimate. The primary-energy oil share is separate oil consumption. Mix source: Our World in Data, Ember electricity data (2026), Energy Institute Statistical Review (2025).","2023","6.753067","4.109539","2.784199","1.32534","2024","386.833963","2.886517","3.193975","-0.307458","https://api.iea.org/stats?year=2023&countries=MEXICO&series=BALANCES","https://www.eia.gov/opendata/browser/international?frequency=annual&data=value&facets=productId;countryRegionId;unit&productId=2;&countryRegionId=MEX;&unit=BKWH;&start=2024&end=2024","Gross imports and exports are cross-border flows. Negative net imports mean net exports. Domestic production includes output that may be exported. Total energy: IEA 2023 energy balances, TJ divided by 1000000 to get EJ; exports converted from signed balance entries to positive volumes. Electricity: EIA 2024, billion kWh equals TWh. EIA generation totals may differ from the OWID/Ember generation used for the existing source-share columns. IEA balances use different primary-energy accounting from the existing OWID substitution-method shares; do not multiply those shares by these production totals.","MEX","45038754","2024","Tourists","International overnight tourist arrivals","https://www.oecd.org/en/publications/oecd-tourism-trends-and-policies-2026_3fd3cd75-en/full-report/tourism-trends-performance-and-outlook_e87d10cf.html","32956","2024","Balance-of-payments travel receipts, excluding international passenger transport; current USD; not tourism profit or domestic visitor spending","https://www.oecd.org/en/publications/oecd-tourism-trends-and-policies-2026_3fd3cd75-en/full-report/tourism-trends-performance-and-outlook_e87d10cf.html","","","","","","","","","","","","","","","","","","","","","","","","Chichen-Itza","One illustrative UNESCO-listed place; not a popularity ranking, visitor count or full attraction inventory.","https://whc.unesco.org/en/list","78763320","2023","Passengers carried by airlines registered in the country, on domestic and international services. Not airport throughput, inbound tourists, connectivity, or available seats.","https://data.worldbank.org/indicator/IS.AIR.PSGR","","","","","No comparable national resident survey verified in this release. No sentiment score inferred.","2026-09-20","National snapshot; not a measure of local crowding or tourism carrying capacity. Arrivals count trips, not unique people. Missing means not verified in this release, not zero."
"15","United Kingdom","2024","6.76","Electricity","0.429","0.451","2025-12","GBP","0.318","0.335","Retail electricity including supply, transmission, distribution, taxes and fees. Household: average annual household use; business: 1000000 kWh/year.","https://www.globalpetrolprices.com/United-Kingdom/electricity_prices/","https://www.worldometers.info/energy/energy-by-country/?sort=consumption","2026-09-16","USD values as displayed by source; exchange-rate date unspecified. Electricity only, not total energy spending. Ranking uses total national energy consumption, not per-capita or electricity consumption. UK and Turkey both round to 6.76 EJ; source ranks UK 15 and Turkey 16.","2024","5.2","29.31","4.03","30.37","0.67","2.03","28.39","1.88","10.7","38.82","32.27","2.45","0.73","13.15","Share of electricity generated domestically, not capacity or electricity consumed.","Share of primary energy consumed using the substitution method; includes transport and heating. Not domestic energy extraction/production. Traditional biomass is excluded.","https://owid-public.owid.io/data/energy/owid-energy-data.csv","https://github.com/owid/energy-data/blob/master/owid-energy-codebook.csv","Shares expressed as percentages (0-100), rounded to 2 decimals. Other is 100 minus the six displayed shares and includes nuclear and other renewables. Electricity oil_and_other_fossil uses OWID oil_share_elec, mapped from Ember Other fossil; not a pure-oil estimate. The primary-energy oil share is separate oil consumption. Mix source: Our World in Data, Ember electricity data (2026), Energy Institute Statistical Review (2025).","2023","3.954136","5.336975","2.649795","2.68718","2024","267.980274","43.7329","10.3251","33.4078","https://api.iea.org/stats?year=2023&countries=UK&series=BALANCES","https://www.eia.gov/opendata/browser/international?frequency=annual&data=value&facets=productId;countryRegionId;unit&productId=2;&countryRegionId=GBR;&unit=BKWH;&start=2024&end=2024","Gross imports and exports are cross-border flows. Negative net imports mean net exports. Domestic production includes output that may be exported. Total energy: IEA 2023 energy balances, TJ divided by 1000000 to get EJ; exports converted from signed balance entries to positive volumes. Electricity: EIA 2024, billion kWh equals TWh. EIA generation totals may differ from the OWID/Ember generation used for the existing source-share columns. IEA balances use different primary-energy accounting from the existing OWID substitution-method shares; do not multiply those shares by these production totals.","GBR","38229000","2024","Tourists","International overnight tourist arrivals","https://www.oecd.org/en/publications/oecd-tourism-trends-and-policies-2026_3fd3cd75-en/full-report/tourism-trends-performance-and-outlook_e87d10cf.html","84463","2024","Balance-of-payments travel receipts, excluding international passenger transport; current USD; not tourism profit or domestic visitor spending","https://www.oecd.org/en/publications/oecd-tourism-trends-and-policies-2026_3fd3cd75-en/full-report/tourism-trends-performance-and-outlook_e87d10cf.html","287842000","2024","Inbound nights, all means of accommodation; visitor/demand-side survey. Coverage differs by country; not occupancy.","https://sdmx.oecd.org/public/rest/v1/data/OECD.CFE.TOU,DSD_TOURISM_INTER@DF_INBOUND,1.0/.?startPeriod=2024","","","","","","","","","","","","","","","","","","","","Stonehenge","One illustrative UNESCO-listed place; not a popularity ranking, visitor count or full attraction inventory.","https://whc.unesco.org/en/list","118945920","2023","Passengers carried by airlines registered in the country, on domestic and international services. Not airport throughput, inbound tourists, connectivity, or available seats.","https://data.worldbank.org/indicator/IS.AIR.PSGR","","","","","No comparable national resident survey verified in this release. No sentiment score inferred.","2026-09-20","National snapshot; not a measure of local crowding or tourism carrying capacity. Arrivals count trips, not unique people. Missing means not verified in this release, not zero. OECD labels this series United Kingdom; the 2024 ONS redesign covers Great Britain and introduces a break in coverage. Do not treat as a complete UK count or use for unqualified year-on-year growth."
"86","Croatia","2024","0.33","Electricity","0.208","0.184","2025-12","EUR","0.180","0.159","Retail electricity including supply, transmission, distribution, taxes and fees. Household: average annual household use; business: 1000000 kWh/year.","https://www.globalpetrolprices.com/Croatia/electricity_prices/","https://www.worldometers.info/energy/energy-by-country/?sort=consumption","2026-09-17","USD values as displayed by source; exchange-rate date unspecified. Electricity only, not total energy spending. Ranking uses total national energy consumption, not per-capita or electricity consumption. Croatia added beyond the original top-15 consumption sample. Prices from the indexed English electricity-price page; USD conversions can differ across source pages and access dates. Total consumption uses the Worldometer metric (EJ) table.","2024","5.36","17.53","0.07","21.26","5.23","44.02","6.53","1.96","6.44","46.32","23.29","2.61","16.25","3.13","Share of electricity generated domestically, not capacity or electricity consumed.","Share of primary energy consumed using the substitution method; includes transport and heating. Not domestic energy extraction/production. Traditional biomass is excluded.","https://owid-public.owid.io/data/energy/owid-energy-data.csv","https://github.com/owid/energy-data/blob/master/owid-energy-codebook.csv","Shares expressed as percentages (0-100), rounded to 2 decimals. Other is 100 minus the six displayed shares and includes nuclear and other renewables. Electricity oil_and_other_fossil uses OWID oil_share_elec, mapped from Ember Other fossil; not a pure-oil estimate. The primary-energy oil share is separate oil consumption. Mix source: Our World in Data, Ember electricity data (2026), Energy Institute Statistical Review (2025).","2023","0.159184","0.365672","0.158547","0.207125","2024","14.696207","13.0102","8.6521","4.3581","https://api.iea.org/stats?year=2023&countries=CROATIA&series=BALANCES","https://www.eia.gov/opendata/browser/international?frequency=annual&data=value&facets=productId;countryRegionId;unit&productId=2;&countryRegionId=HRV;&unit=BKWH;&start=2024&end=2024","Gross imports and exports are cross-border flows. Negative net imports mean net exports. Domestic production includes output that may be exported. Total energy: IEA 2023 energy balances, TJ divided by 1000000 to get EJ; exports converted from signed balance entries to positive volumes. Electricity: EIA 2024, billion kWh equals TWh; generation rounded to 6 decimals. EIA generation differs from OWID/Ember generation used for source-share columns. IEA balances use different primary-energy accounting from the OWID substitution-method shares; do not multiply those shares by these production totals.","HRV","17378721","2024","Accommodation arrivals","Non-resident tourist arrivals in commercial accommodation","https://www.oecd.org/en/publications/oecd-tourism-trends-and-policies-2026_3fd3cd75-en/full-report/tourism-trends-performance-and-outlook_e87d10cf.html","16241","2024","Balance-of-payments travel receipts, excluding international passenger transport; current USD; not tourism profit or domestic visitor spending","https://www.oecd.org/en/publications/oecd-tourism-trends-and-policies-2026_3fd3cd75-en/full-report/tourism-trends-performance-and-outlook_e87d10cf.html","84963884","2024","Inbound nights, all means of accommodation; accommodation-provider survey. Coverage differs by country; not occupancy.","https://sdmx.oecd.org/public/rest/v1/data/OECD.CFE.TOU,DSD_TOURISM_INTER@DF_INBOUND,1.0/.?startPeriod=2024","1177999","2024","Eurostat hotels, holiday/short-stay accommodation and camping (I551-I553); national reporting thresholds apply. Bed places are capacity, not rooms.","https://doi.org/10.2908/TOUR_CAP_NAT","2024","Monthly nights of domestic and international guests in hotels, holiday/short-stay accommodation and camping (I551-I553); not inbound arrivals.","https://doi.org/10.2908/TOUR_OCC_NIM","594306","702884","1321372","2774105","6902834","12520177","25159829","27171764","11177605","3450236","988398","880186","Old City of Dubrovnik","One illustrative UNESCO-listed place; not a popularity ranking, visitor count or full attraction inventory.","https://whc.unesco.org/en/list","1670012","2023","Passengers carried by airlines registered in the country, on domestic and international services. Not airport throughput, inbound tourists, connectivity, or available seats.","https://data.worldbank.org/indicator/IS.AIR.PSGR","","","","","No comparable national resident survey verified in this release. No sentiment score inferred.","2026-09-20","National snapshot; not a measure of local crowding or tourism carrying capacity. Arrivals count trips, not unique people. Missing means not verified in this release, not zero."
